177,195,231,249,72,100
177,195,231,249,73,100
177,195,231,249,74,100
177,195,231,254,72,100
177,195,231,254,73,100
177,195,231,254,74,100
177,195,231,259,72,0.40061
177,195,231,259,73,0.39696
177,195,231,259,74,0.39351
177,195,236,249,72,100
177,195,236,249,73,100
177,195,236,249,74,100
177,195,236,254,72,100
177,195,236,254,73,100
177,195,236,254,74,100
177,195,236,259,72,0.40689
177,195,236,259,73,0.40292
177,195,236,259,74,0.39913
177,195,241,249,72,100
177,195,241,249,73,100
177,195,241,249,74,100
177,195,241,254,72,0.41083
177,195,241,254,73,0.40627
177,195,241,254,74,100
177,195,241,259,72,0.41387
177,195,241,259,73,0.40961
177,195,241,259,74,0.40551
177,200,231,249,72,100
177,200,231,249,73,100
177,200,231,249,74,100
177,200,231,254,72,100
177,200,231,254,73,100
177,200,231,254,74,100
177,200,231,259,72,0.40388
177,200,231,259,73,0.40013
177,200,231,259,74,0.3965
177,200,236,249,72,100
177,200,236,249,73,100
177,200,236,249,74,100
177,200,236,254,72,0.40704
177,200,236,254,73,100
177,200,236,254,74,100
177,200,236,259,72,0.41056
177,200,236,259,73,0.40647
177,200,236,259,74,0.40255
177,200,241,249,72,100
177,200,241,249,73,100
177,200,241,249,74,100
177,200,241,254,72,0.41548
177,200,241,254,73,0.41078
177,200,241,254,74,0.40629
177,200,241,259,72,0.41793
177,200,241,259,73,0.41351
177,200,241,259,74,0.4093
177,205,231,249,72,100
177,205,231,249,73,100
177,205,231,249,74,100
177,205,231,254,72,100
177,205,231,254,73,100
177,205,231,254,74,100
177,205,231,259,72,0.40734
177,205,231,259,73,0.40342
177,205,231,259,74,0.3997
177,205,236,249,72,100
177,205,236,249,73,100
177,205,236,249,74,100
177,205,236,254,72,0.41143
177,205,236,254,73,0.40697
177,205,236,254,74,100
177,205,236,259,72,0.41442
177,205,236,259,73,0.41017
177,205,236,259,74,0.40612
177,205,241,249,72,100
177,205,241,249,73,100
177,205,241,249,74,100
177,205,241,254,72,0.42032
177,205,241,254,73,0.41549
177,205,241,254,74,0.41083
177,205,241,259,72,0.4221
177,205,241,259,73,0.41764
177,205,241,259,74,0.41324
182,195,231,249,72,100
182,195,231,249,73,100
182,195,231,249,74,100
182,195,231,254,72,100
182,195,231,254,73,100
182,195,231,254,74,100
182,195,231,259,72,0.40426
182,195,231,259,73,0.40055
182,195,231,259,74,0.39696
182,195,236,249,72,100
182,195,236,249,73,100
182,195,236,249,74,100
182,195,236,254,72,0.40752
182,195,236,254,73,100
182,195,236,254,74,100
182,195,236,259,72,0.41093
182,195,236,259,73,0.40689
182,195,236,259,74,0.40304
182,195,241,249,72,100
182,195,241,249,73,100
182,195,241,249,74,100
182,195,241,254,72,0.41599
182,195,241,254,73,0.41134
182,195,241,254,74,0.40691
182,195,241,259,72,0.4184
182,195,241,259,73,0.41404
182,195,241,259,74,0.40987
182,200,231,249,72,100
182,200,231,249,73,100
182,200,231,249,74,100
182,200,231,254,72,100
182,200,231,254,73,100
182,200,231,254,74,100
182,200,231,259,72,0.40774
182,200,231,259,73,0.4039
182,200,231,259,74,0.40018
182,200,236,249,72,100
182,200,236,249,73,100
182,200,236,249,74,100
182,200,236,254,72,0.41197
182,200,236,254,73,0.40751
182,200,236,254,74,100
182,200,236,259,72,0.41485
182,200,236,259,73,0.41069
182,200,236,259,74,0.40664
182,200,241,249,72,100
182,200,241,249,73,100
182,200,241,249,74,100
182,200,241,254,72,0.4209
182,200,241,254,73,0.41612
182,200,241,254,74,0.41151
182,200,241,259,72,0.42258
182,200,241,259,73,0.41813
182,200,241,259,74,0.41383
182,205,231,249,72,100
182,205,231,249,73,100
182,205,231,249,74,100
182,205,231,254,72,0.40811
182,205,231,254,73,100
182,205,231,254,74,100
182,205,231,259,72,0.41144
182,205,231,259,73,0.40745
182,205,231,259,74,0.40364
182,205,236,249,72,100
182,205,236,249,73,100
182,205,236,249,74,100
182,205,236,254,72,0.41659
182,205,236,254,73,0.41205
182,205,236,254,74,0.4077
182,205,236,259,72,0.41889
182,205,236,259,73,0.41459
182,205,236,259,74,0.41048
182,205,241,249,72,100
182,205,241,249,73,100
182,205,241,249,74,100
182,205,241,254,72,0.42604
182,205,241,254,73,0.42109
182,205,241,254,74,0.41637
182,205,241,259,72,0.42688
182,205,241,259,73,0.42235
182,205,241,259,74,0.4179
187,195,231,249,72,100
187,195,231,249,73,100
187,195,231,249,74,100
187,195,231,254,72,100
187,195,231,254,73,100
187,195,231,254,74,100
187,195,231,259,72,0.40818
187,195,231,259,73,0.40434
187,195,231,259,74,0.40066
187,195,236,249,72,100
187,195,236,249,73,100
187,195,236,249,74,100
187,195,236,254,72,0.41243
187,195,236,254,73,0.40806
187,195,236,254,74,100
187,195,236,259,72,0.41527
187,195,236,259,73,0.41116
187,195,236,259,74,0.4072
187,195,241,249,72,100
187,195,241,249,73,100
187,195,241,249,74,100
187,195,241,254,72,0.42147
187,195,241,254,73,0.41676
187,195,241,254,74,0.4122
187,195,241,259,72,0.42306
187,195,241,259,73,0.41867
187,195,241,259,74,0.41442
187,200,231,249,72,100
187,200,231,249,73,100
187,200,231,249,74,100
187,200,231,254,72,0.40854
187,200,231,254,73,100
187,200,231,254,74,100
187,200,231,259,72,0.4119
187,200,231,259,73,0.40795
187,200,231,259,74,0.40414
187,200,236,249,72,100
187,200,236,249,73,100
187,200,236,249,74,100
187,200,236,254,72,0.41715
187,200,236,254,73,0.41266
187,200,236,254,74,0.40837
187,200,236,259,72,0.41937
187,200,236,259,73,0.41512
187,200,236,259,74,0.41106
187,200,241,249,72,100
187,200,241,249,73,100
187,200,241,249,74,100
187,200,241,254,72,0.42661
187,200,241,254,73,0.42177
187,200,241,254,74,0.41707
187,200,241,259,72,0.42734
187,200,241,259,73,0.42284
187,200,241,259,74,0.41853
187,205,231,249,72,100
187,205,231,249,73,100
187,205,231,249,74,100
187,205,231,254,72,0.41303
187,205,231,254,73,0.40876
187,205,231,254,74,0.40464
187,205,231,259,72,0.41578
187,205,231,259,73,0.41176
187,205,231,259,74,0.4078
187,205,236,249,72,100
187,205,236,249,73,100
187,205,236,249,74,100
187,205,236,254,72,0.42206
187,205,236,254,73,0.41742
187,205,236,254,74,0.41298
187,205,236,259,72,0.42355
187,205,236,259,73,0.4192
187,205,236,259,74,0.41502
187,205,241,249,72,100
187,205,241,249,73,100
187,205,241,249,74,100
187,205,241,254,72,0.43168
187,205,241,254,73,0.4268
187,205,241,254,74,0.42207
187,205,241,259,72,0.43145
187,205,241,259,73,0.42696
187,205,241,259,74,0.42259
175.33,193.33,229.33,257.33,73.667,0.38945
175.33,193.33,229.33,257.33,74,0.38838
175.33,193.33,229.33,257.33,74.333,0.38732
175.33,193.33,229.33,259,73.667,0.39098
175.33,193.33,229.33,259,74,0.38991
175.33,193.33,229.33,259,74.333,0.38889
175.33,193.33,229.33,260.67,73.667,0.39234
175.33,193.33,229.33,260.67,74,0.3913
175.33,193.33,229.33,260.67,74.333,0.39028
175.33,193.33,231,257.33,73.667,0.39114
175.33,193.33,231,257.33,74,0.39004
175.33,193.33,231,257.33,74.333,0.38898
175.33,193.33,231,259,73.667,0.39263
175.33,193.33,231,259,74,0.39157
175.33,193.33,231,259,74.333,0.39045
175.33,193.33,231,260.67,73.667,0.39395
175.33,193.33,231,260.67,74,0.39289
175.33,193.33,231,260.67,74.333,0.39184
175.33,193.33,232.67,257.33,73.667,0.3929
175.33,193.33,232.67,257.33,74,0.39177
175.33,193.33,232.67,257.33,74.333,0.39068
175.33,193.33,232.67,259,73.667,0.39439
175.33,193.33,232.67,259,74,0.39325
175.33,193.33,232.67,259,74.333,0.39214
175.33,193.33,232.67,260.67,73.667,0.39566
175.33,193.33,232.67,260.67,74,0.39453
175.33,193.33,232.67,260.67,74.333,0.39345
175.33,195,229.33,257.33,73.667,0.39036
175.33,195,229.33,257.33,74,0.38927
175.33,195,229.33,257.33,74.333,0.38823
175.33,195,229.33,259,73.667,0.39188
175.33,195,229.33,259,74,0.3908
175.33,195,229.33,259,74.333,0.38973
175.33,195,229.33,260.67,73.667,0.39324
175.33,195,229.33,260.67,74,0.39212
175.33,195,229.33,260.67,74.333,0.39112
175.33,195,231,257.33,73.667,0.39209
175.33,195,231,257.33,74,0.39097
175.33,195,231,257.33,74.333,0.3899
175.33,195,231,259,73.667,0.39357
175.33,195,231,259,74,0.39246
175.33,195,231,259,74.333,0.39135
175.33,195,231,260.67,73.667,0.39488
175.33,195,231,260.67,74,0.39377
175.33,195,231,260.67,74.333,0.39271
175.33,195,232.67,257.33,73.667,0.39396
175.33,195,232.67,257.33,74,0.39281
175.33,195,232.67,257.33,74.333,0.39163
175.33,195,232.67,259,73.667,0.39536
175.33,195,232.67,259,74,0.39422
175.33,195,232.67,259,74.333,0.39305
175.33,195,232.67,260.67,73.667,0.39659
175.33,195,232.67,260.67,74,0.39545
175.33,195,232.67,260.67,74.333,0.39435
175.33,196.67,229.33,257.33,73.667,0.39129
175.33,196.67,229.33,257.33,74,0.39018
175.33,196.67,229.33,257.33,74.333,0.38912
175.33,196.67,229.33,259,73.667,0.39278
175.33,196.67,229.33,259,74,0.39171
175.33,196.67,229.33,259,74.333,0.39059
175.33,196.67,229.33,260.67,73.667,0.39412
175.33,196.67,229.33,260.67,74,0.39303
175.33,196.67,229.33,260.67,74.333,0.39198
175.33,196.67,231,257.33,73.667,0.39309
175.33,196.67,231,257.33,74,0.39195
175.33,196.67,231,257.33,74.333,0.39083
175.33,196.67,231,259,73.667,0.39454
175.33,196.67,231,259,74,0.3934
175.33,196.67,231,259,74.333,0.39228
175.33,196.67,231,260.67,73.667,0.3958
175.33,196.67,231,260.67,74,0.39471
175.33,196.67,231,260.67,74.333,0.3936
175.33,196.67,232.67,257.33,73.667,0.39496
175.33,196.67,232.67,257.33,74,0.39379
175.33,196.67,232.67,257.33,74.333,0.39264
175.33,196.67,232.67,259,73.667,0.39636
175.33,196.67,232.67,259,74,0.3952
175.33,196.67,232.67,259,74.333,0.39401
175.33,196.67,232.67,260.67,73.667,0.39758
175.33,196.67,232.67,260.67,74,0.39642
175.33,196.67,232.67,260.67,74.333,0.39528
177,193.33,229.33,257.33,73.667,0.39049
177,193.33,229.33,257.33,74,0.3894
177,193.33,229.33,257.33,74.333,0.38836
177,193.33,229.33,259,73.667,0.39199
177,193.33,229.33,259,74,0.39093
177,193.33,229.33,259,74.333,0.38986
177,193.33,229.33,260.67,73.667,0.39334
177,193.33,229.33,260.67,74,0.39229
177,193.33,229.33,260.67,74.333,0.39122
177,193.33,231,257.33,73.667,0.39223
177,193.33,231,257.33,74,0.39114
177,193.33,231,257.33,74.333,0.39
177,193.33,231,259,73.667,0.39368
177,193.33,231,259,74,0.3926
177,193.33,231,259,74.333,0.39153
177,193.33,231,260.67,73.667,0.39502
177,193.33,231,260.67,74,0.39391
177,193.33,231,260.67,74.333,0.39281
177,193.33,232.67,257.33,73.667,0.39407
177,193.33,232.67,257.33,74,0.39292
177,193.33,232.67,257.33,74.333,0.39178
177,193.33,232.67,259,73.667,0.39547
177,193.33,232.67,259,74,0.39432
177,193.33,232.67,259,74.333,0.39323
177,193.33,232.67,260.67,73.667,0.39673
177,193.33,232.67,260.67,74,0.39563
177,193.33,232.67,260.67,74.333,0.3945
177,195,229.33,257.33,73.667,0.39142
177,195,229.33,257.33,74,0.39035
177,195,229.33,257.33,74.333,0.38926
177,195,229.33,259,73.667,0.39291
177,195,229.33,259,74,0.39181
177,195,229.33,259,74.333,0.39076
177,195,229.33,260.67,73.667,0.39423
177,195,229.33,260.67,74,0.39316
177,195,229.33,260.67,74.333,0.39208
177,195,231,257.33,73.667,0.39323
177,195,231,257.33,74,0.39209
177,195,231,257.33,74.333,0.39101
177,195,231,259,73.667,0.39464
177,195,231,259,74,0.39351
177,195,231,259,74.333,0.39242
177,195,231,260.67,73.667,0.39594
177,195,231,260.67,74,0.39482
177,195,231,260.67,74.333,0.3937
177,195,232.67,257.33,73.667,0.39511
177,195,232.67,257.33,74,0.39394
177,195,232.67,257.33,74.333,0.39279
177,195,232.67,259,73.667,0.39647
177,195,232.67,259,74,0.39531
177,195,232.67,259,74.333,0.39419
177,195,232.67,260.67,73.667,0.39772
177,195,232.67,260.67,74,0.39656
177,195,232.67,260.67,74.333,0.39542
177,196.67,229.33,257.33,73.667,0.39238
177,196.67,229.33,257.33,74,0.39129
177,196.67,229.33,257.33,74.333,0.39021
177,196.67,229.33,259,73.667,0.39386
177,196.67,229.33,259,74,0.39274
177,196.67,229.33,259,74.333,0.39167
177,196.67,229.33,260.67,73.667,0.39513
177,196.67,229.33,260.67,74,0.39405
177,196.67,229.33,260.67,74.333,0.39299
177,196.67,231,257.33,73.667,0.39422
177,196.67,231,257.33,74,0.39307
177,196.67,231,257.33,74.333,0.39196
177,196.67,231,259,73.667,0.39566
177,196.67,231,259,74,0.39447
177,196.67,231,259,74.333,0.39337
177,196.67,231,260.67,73.667,0.39688
177,196.67,231,260.67,74,0.39577
177,196.67,231,260.67,74.333,0.39465
177,196.67,232.67,257.33,73.667,0.39618
177,196.67,232.67,257.33,74,0.39499
177,196.67,232.67,257.33,74.333,0.39382
177,196.67,232.67,259,73.667,0.39753
177,196.67,232.67,259,74,0.39635
177,196.67,232.67,259,74.333,0.39518
177,196.67,232.67,260.67,73.667,0.39873
177,196.67,232.67,260.67,74,0.39756
177,196.67,232.67,260.67,74.333,0.3964
178.67,193.33,229.33,257.33,73.667,0.39156
178.67,193.33,229.33,257.33,74,0.39045
178.67,193.33,229.33,257.33,74.333,0.3894
178.67,193.33,229.33,259,73.667,0.39305
178.67,193.33,229.33,259,74,0.39198
178.67,193.33,229.33,259,74.333,0.39089
178.67,193.33,229.33,260.67,73.667,0.39437
178.67,193.33,229.33,260.67,74,0.39327
178.67,193.33,229.33,260.67,74.333,0.39225
178.67,193.33,231,257.33,73.667,0.39334
178.67,193.33,231,257.33,74,0.39224
178.67,193.33,231,257.33,74.333,0.39115
178.67,193.33,231,259,73.667,0.39482
178.67,193.33,231,259,74,0.39369
178.67,193.33,231,259,74.333,0.39257
178.67,193.33,231,260.67,73.667,0.39605
178.67,193.33,231,260.67,74,0.39496
178.67,193.33,231,260.67,74.333,0.39388
178.67,193.33,232.67,257.33,73.667,0.39523
178.67,193.33,232.67,257.33,74,0.39409
178.67,193.33,232.67,257.33,74.333,0.39293
178.67,193.33,232.67,259,73.667,0.39666
178.67,193.33,232.67,259,74,0.39549
178.67,193.33,232.67,259,74.333,0.39434
178.67,193.33,232.67,260.67,73.667,0.39783
178.67,193.33,232.67,260.67,74,0.39671
178.67,193.33,232.67,260.67,74.333,0.3956
178.67,195,229.33,257.33,73.667,0.39252
178.67,195,229.33,257.33,74,0.39139
178.67,195,229.33,257.33,74.333,0.39032
178.67,195,229.33,259,73.667,0.394
178.67,195,229.33,259,74,0.39288
178.67,195,229.33,259,74.333,0.39178
178.67,195,229.33,260.67,73.667,0.39531
178.67,195,229.33,260.67,74,0.39419
178.67,195,229.33,260.67,74.333,0.39313
178.67,195,231,257.33,73.667,0.39441
178.67,195,231,257.33,74,0.39325
178.67,195,231,257.33,74.333,0.39211
178.67,195,231,259,73.667,0.39581
178.67,195,231,259,74,0.39466
178.67,195,231,259,74.333,0.39352
178.67,195,231,260.67,73.667,0.39703
178.67,195,231,260.67,74,0.39588
178.67,195,231,260.67,74.333,0.39479
178.67,195,232.67,257.33,73.667,0.39633
178.67,195,232.67,257.33,74,0.39514
178.67,195,232.67,257.33,74.333,0.39397
178.67,195,232.67,259,73.667,0.39768
178.67,195,232.67,259,74,0.39649
178.67,195,232.67,259,74.333,0.39533
178.67,195,232.67,260.67,73.667,0.39884
178.67,195,232.67,260.67,74,0.39767
178.67,195,232.67,260.67,74.333,0.39655
178.67,196.67,229.33,257.33,73.667,0.39353
178.67,196.67,229.33,257.33,74,0.39242
178.67,196.67,229.33,257.33,74.333,0.3913
178.67,196.67,229.33,259,73.667,0.39497
178.67,196.67,229.33,259,74,0.39384
178.67,196.67,229.33,259,74.333,0.39271
178.67,196.67,229.33,260.67,73.667,0.39624
178.67,196.67,229.33,260.67,74,0.39514
178.67,196.67,229.33,260.67,74.333,0.39402
178.67,196.67,231,257.33,73.667,0.39546
178.67,196.67,231,257.33,74,0.39428
178.67,196.67,231,257.33,74.333,0.39309
178.67,196.67,231,259,73.667,0.39681
178.67,196.67,231,259,74,0.39564
178.67,196.67,231,259,74.333,0.39453
178.67,196.67,231,260.67,73.667,0.39802
178.67,196.67,231,260.67,74,0.39686
178.67,196.67,231,260.67,74.333,0.39575
178.67,196.67,232.67,257.33,73.667,0.39742
178.67,196.67,232.67,257.33,74,0.39621
178.67,196.67,232.67,257.33,74.333,0.39506
178.67,196.67,232.67,259,73.667,0.39871
178.67,196.67,232.67,259,74,0.39752
178.67,196.67,232.67,259,74.333,0.39637
178.67,196.67,232.67,260.67,73.667,0.39987
178.67,196.67,232.67,260.67,74,0.39868
178.67,196.67,232.67,260.67,74.333,0.39754
174.78,192.78,228.78,256.78,74.222,100
174.78,192.78,228.78,256.78,74.333,100
174.78,192.78,228.78,256.78,74.444,100
174.78,192.78,228.78,257.33,74.222,0.38655
174.78,192.78,228.78,257.33,74.333,0.38621
174.78,192.78,228.78,257.33,74.444,100
174.78,192.78,228.78,257.89,74.222,0.38708
174.78,192.78,228.78,257.89,74.333,0.38678
174.78,192.78,228.78,257.89,74.444,0.3864
174.78,192.78,229.33,256.78,74.222,100
174.78,192.78,229.33,256.78,74.333,100
174.78,192.78,229.33,256.78,74.444,100
174.78,192.78,229.33,257.33,74.222,0.38706
174.78,192.78,229.33,257.33,74.333,0.38672
174.78,192.78,229.33,257.33,74.444,0.38638
174.78,192.78,229.33,257.89,74.222,0.3876
174.78,192.78,229.33,257.89,74.333,0.38725
174.78,192.78,229.33,257.89,74.444,0.38694
174.78,192.78,229.89,256.78,74.222,100
174.78,192.78,229.89,256.78,74.333,100
174.78,192.78,229.89,256.78,74.444,100
174.78,192.78,229.89,257.33,74.222,0.38758
174.78,192.78,229.89,257.33,74.333,0.38723
174.78,192.78,229.89,257.33,74.444,0.38692
174.78,192.78,229.89,257.89,74.222,0.38811
174.78,192.78,229.89,257.89,74.333,0.38776
174.78,192.78,229.89,257.89,74.444,0.38742
174.78,193.33,228.78,256.78,74.222,100
174.78,193.33,228.78,256.78,74.333,100
174.78,193.33,228.78,256.78,74.444,100
174.78,193.33,228.78,257.33,74.222,0.38681
174.78,193.33,228.78,257.33,74.333,0.38647
174.78,193.33,228.78,257.33,74.444,0.38616
174.78,193.33,228.78,257.89,74.222,0.38738
174.78,193.33,228.78,257.89,74.333,0.387
174.78,193.33,228.78,257.89,74.444,0.38669
174.78,193.33,229.33,256.78,74.222,100
174.78,193.33,229.33,256.78,74.333,100
174.78,193.33,229.33,256.78,74.444,100
174.78,193.33,229.33,257.33,74.222,0.38736
174.78,193.33,229.33,257.33,74.333,0.38698
174.78,193.33,229.33,257.33,74.444,0.38667
174.78,193.33,229.33,257.89,74.222,0.38786
174.78,193.33,229.33,257.89,74.333,0.38754
174.78,193.33,229.33,257.89,74.444,0.3872
174.78,193.33,229.89,256.78,74.222,100
174.78,193.33,229.89,256.78,74.333,100
174.78,193.33,229.89,256.78,74.444,100
174.78,193.33,229.89,257.33,74.222,0.38785
174.78,193.33,229.89,257.33,74.333,0.38753
174.78,193.33,229.89,257.33,74.444,0.38718
174.78,193.33,229.89,257.89,74.222,0.38842
174.78,193.33,229.89,257.89,74.333,0.38806
174.78,193.33,229.89,257.89,74.444,0.38771
174.78,193.89,228.78,256.78,74.222,100
174.78,193.89,228.78,256.78,74.333,100
174.78,193.89,228.78,256.78,74.444,100
174.78,193.89,228.78,257.33,74.222,0.38711
174.78,193.89,228.78,257.33,74.333,0.38676
174.78,193.89,228.78,257.33,74.444,0.38642
174.78,193.89,228.78,257.89,74.222,0.38767
174.78,193.89,228.78,257.89,74.333,0.38729
174.78,193.89,228.78,257.89,74.444,0.38698
174.78,193.89,229.33,256.78,74.222,100
174.78,193.89,229.33,256.78,74.333,100
174.78,193.89,229.33,256.78,74.444,100
174.78,193.89,229.33,257.33,74.222,0.38766
174.78,193.89,229.33,257.33,74.333,0.38728
174.78,193.89,229.33,257.33,74.444,0.38696
174.78,193.89,229.33,257.89,74.222,0.38816
174.78,193.89,229.33,257.89,74.333,0.38781
174.78,193.89,229.33,257.89,74.444,0.38746
174.78,193.89,229.89,256.78,74.222,100
174.78,193.89,229.89,256.78,74.333,100
174.78,193.89,229.89,256.78,74.444,100
174.78,193.89,229.89,257.33,74.222,0.38815
174.78,193.89,229.89,257.33,74.333,0.38784
174.78,193.89,229.89,257.33,74.444,0.38745
174.78,193.89,229.89,257.89,74.222,0.38868
174.78,193.89,229.89,257.89,74.333,0.38837
174.78,193.89,229.89,257.89,74.444,0.38798
175.33,192.78,228.78,256.78,74.222,100
175.33,192.78,228.78,256.78,74.333,100
175.33,192.78,228.78,256.78,74.444,100
175.33,192.78,228.78,257.33,74.222,0.38689
175.33,192.78,228.78,257.33,74.333,0.38651
175.33,192.78,228.78,257.33,74.444,0.3862
175.33,192.78,228.78,257.89,74.222,0.38742
175.33,192.78,228.78,257.89,74.333,0.38704
175.33,192.78,228.78,257.89,74.444,0.38673
175.33,192.78,229.33,256.78,74.222,100
175.33,192.78,229.33,256.78,74.333,100
175.33,192.78,229.33,256.78,74.444,100
175.33,192.78,229.33,257.33,74.222,0.38737
175.33,192.78,229.33,257.33,74.333,0.38706
175.33,192.78,229.33,257.33,74.444,0.38671
175.33,192.78,229.33,257.89,74.222,0.3879
175.33,192.78,229.33,257.89,74.333,0.38759
175.33,192.78,229.33,257.89,74.444,0.38724
175.33,192.78,229.89,256.78,74.222,100
175.33,192.78,229.89,256.78,74.333,100
175.33,192.78,229.89,256.78,74.444,100
175.33,192.78,229.89,257.33,74.222,0.38789
175.33,192.78,229.89,257.33,74.333,0.38758
175.33,192.78,229.89,257.33,74.444,0.38723
175.33,192.78,229.89,257.89,74.222,0.38846
175.33,192.78,229.89,257.89,74.333,0.38811
175.33,192.78,229.89,257.89,74.444,0.38776
175.33,193.33,228.78,256.78,74.222,100
175.33,193.33,228.78,256.78,74.333,100
175.33,193.33,228.78,256.78,74.444,100
175.33,193.33,228.78,257.33,74.222,0.38715
175.33,193.33,228.78,257.33,74.333,0.38681
175.33,193.33,228.78,257.33,74.444,0.3865
175.33,193.33,228.78,257.89,74.222,0.38768
175.33,193.33,228.78,257.89,74.333,0.38734
175.33,193.33,228.78,257.89,74.444,0.38702
175.33,193.33,229.33,256.78,74.222,100
175.33,193.33,229.33,256.78,74.333,100
175.33,193.33,229.33,256.78,74.444,100
175.33,193.33,229.33,257.33,74.222,0.38767
175.33,193.33,229.33,257.33,74.333,0.38732
175.33,193.33,229.33,257.33,74.444,0.38701
175.33,193.33,229.33,257.89,74.222,0.3882
175.33,193.33,229.33,257.89,74.333,0.38789
175.33,193.33,229.33,257.89,74.444,0.3875
175.33,193.33,229.89,256.78,74.222,100
175.33,193.33,229.89,256.78,74.333,100
175.33,193.33,229.89,256.78,74.444,100
175.33,193.33,229.89,257.33,74.222,0.3882
175.33,193.33,229.89,257.33,74.333,0.38788
175.33,193.33,229.89,257.33,74.444,0.38749
175.33,193.33,229.89,257.89,74.222,0.38873
175.33,193.33,229.89,257.89,74.333,0.38841
175.33,193.33,229.89,257.89,74.444,0.38806
175.33,193.89,228.78,256.78,74.222,100
175.33,193.89,228.78,256.78,74.333,100
175.33,193.89,228.78,256.78,74.444,100
175.33,193.89,228.78,257.33,74.222,0.38745
175.33,193.89,228.78,257.33,74.333,0.3871
175.33,193.89,228.78,257.33,74.444,0.38676
175.33,193.89,228.78,257.89,74.222,0.38795
175.33,193.89,228.78,257.89,74.333,0.38763
175.33,193.89,228.78,257.89,74.444,0.38732
175.33,193.89,229.33,256.78,74.222,100
175.33,193.89,229.33,256.78,74.333,100
175.33,193.89,229.33,256.78,74.444,100
175.33,193.89,229.33,257.33,74.222,0.38797
175.33,193.89,229.33,257.33,74.333,0.38762
175.33,193.89,229.33,257.33,74.444,0.38727
175.33,193.89,229.33,257.89,74.222,0.3885
175.33,193.89,229.33,257.89,74.333,0.38815
175.33,193.89,229.33,257.89,74.444,0.3878
175.33,193.89,229.89,256.78,74.222,100
175.33,193.89,229.89,256.78,74.333,100
175.33,193.89,229.89,256.78,74.444,100
175.33,193.89,229.89,257.33,74.222,0.3885
175.33,193.89,229.89,257.33,74.333,0.38818
175.33,193.89,229.89,257.33,74.444,0.3878
175.33,193.89,229.89,257.89,74.222,0.38903
175.33,193.89,229.89,257.89,74.333,0.38868
175.33,193.89,229.89,257.89,74.444,0.38833
175.89,192.78,228.78,256.78,74.222,100
175.89,192.78,228.78,256.78,74.333,100
175.89,192.78,228.78,256.78,74.444,100
175.89,192.78,228.78,257.33,74.222,0.38716
175.89,192.78,228.78,257.33,74.333,0.38685
175.89,192.78,228.78,257.33,74.444,0.38654
175.89,192.78,228.78,257.89,74.222,0.38772
175.89,192.78,228.78,257.89,74.333,0.38738
175.89,192.78,228.78,257.89,74.444,0.38707
175.89,192.78,229.33,256.78,74.222,100
175.89,192.78,229.33,256.78,74.333,100
175.89,192.78,229.33,256.78,74.444,100
175.89,192.78,229.33,257.33,74.222,0.38771
175.89,192.78,229.33,257.33,74.333,0.38736
175.89,192.78,229.33,257.33,74.444,0.38702
175.89,192.78,229.33,257.89,74.222,0.38824
175.89,192.78,229.33,257.89,74.333,0.38793
175.89,192.78,229.33,257.89,74.444,0.38755
175.89,192.78,229.89,256.78,74.222,100
175.89,192.78,229.89,256.78,74.333,100
175.89,192.78,229.89,256.78,74.444,100
175.89,192.78,229.89,257.33,74.222,0.38824
175.89,192.78,229.89,257.33,74.333,0.38792
175.89,192.78,229.89,257.33,74.444,0.38754
175.89,192.78,229.89,257.89,74.222,0.38881
175.89,192.78,229.89,257.89,74.333,0.38842
175.89,192.78,229.89,257.89,74.444,0.3881
175.89,193.33,228.78,256.78,74.222,100
175.89,193.33,228.78,256.78,74.333,100
175.89,193.33,228.78,256.78,74.444,100
175.89,193.33,228.78,257.33,74.222,0.38746
175.89,193.33,228.78,257.33,74.333,0.38714
175.89,193.33,228.78,257.33,74.444,0.3868
175.89,193.33,228.78,257.89,74.222,0.38802
175.89,193.33,228.78,257.89,74.333,0.38767
175.89,193.33,228.78,257.89,74.444,0.38733
175.89,193.33,229.33,256.78,74.222,100
175.89,193.33,229.33,256.78,74.333,100
175.89,193.33,229.33,256.78,74.444,100
175.89,193.33,229.33,257.33,74.222,0.38802
175.89,193.33,229.33,257.33,74.333,0.38767
175.89,193.33,229.33,257.33,74.444,0.38732
175.89,193.33,229.33,257.89,74.222,0.38855
175.89,193.33,229.33,257.89,74.333,0.3882
175.89,193.33,229.33,257.89,74.444,0.38785
175.89,193.33,229.89,256.78,74.222,100
175.89,193.33,229.89,256.78,74.333,100
175.89,193.33,229.89,256.78,74.444,100
175.89,193.33,229.89,257.33,74.222,0.38855
175.89,193.33,229.89,257.33,74.333,0.38823
175.89,193.33,229.89,257.33,74.444,0.38784
175.89,193.33,229.89,257.89,74.222,0.38908
175.89,193.33,229.89,257.89,74.333,0.38872
175.89,193.33,229.89,257.89,74.444,0.38837
175.89,193.89,228.78,256.78,74.222,100
175.89,193.89,228.78,256.78,74.333,100
175.89,193.89,228.78,256.78,74.444,100
175.89,193.89,228.78,257.33,74.222,0.38776
175.89,193.89,228.78,257.33,74.333,0.38744
175.89,193.89,228.78,257.33,74.444,0.3871
175.89,193.89,228.78,257.89,74.222,0.38829
175.89,193.89,228.78,257.89,74.333,0.38797
175.89,193.89,228.78,257.89,74.444,0.38759
175.89,193.89,229.33,256.78,74.222,100
175.89,193.89,229.33,256.78,74.333,100
175.89,193.89,229.33,256.78,74.444,100
175.89,193.89,229.33,257.33,74.222,0.38829
175.89,193.89,229.33,257.33,74.333,0.38797
175.89,193.89,229.33,257.33,74.444,0.38762
175.89,193.89,229.33,257.89,74.222,0.38885
175.89,193.89,229.33,257.89,74.333,0.38846
175.89,193.89,229.33,257.89,74.444,0.38815
175.89,193.89,229.89,256.78,74.222,100
175.89,193.89,229.89,256.78,74.333,100
175.89,193.89,229.89,256.78,74.444,100
175.89,193.89,229.89,257.33,74.222,0.38886
175.89,193.89,229.89,257.33,74.333,0.3885
175.89,193.89,229.89,257.33,74.444,0.38814
175.89,193.89,229.89,257.89,74.222,0.38939
175.89,193.89,229.89,257.89,74.333,0.38903
175.89,193.89,229.89,257.89,74.444,0.38868
174.59,193.15,228.59,257.15,74.407,100
174.59,193.15,228.59,257.15,74.444,100
174.59,193.15,228.59,257.15,74.481,100
174.59,193.15,228.59,257.33,74.407,100
174.59,193.15,228.59,257.33,74.444,100
174.59,193.15,228.59,257.33,74.481,100
174.59,193.15,228.59,257.52,74.407,0.38606
174.59,193.15,228.59,257.52,74.444,0.38597
174.59,193.15,228.59,257.52,74.481,0.38584
174.59,193.15,228.78,257.15,74.407,100
174.59,193.15,228.78,257.15,74.444,100
174.59,193.15,228.78,257.15,74.481,100
174.59,193.15,228.78,257.33,74.407,100
174.59,193.15,228.78,257.33,74.444,100
174.59,193.15,228.78,257.33,74.481,100
174.59,193.15,228.78,257.52,74.407,0.38626
174.59,193.15,228.78,257.52,74.444,0.38613
174.59,193.15,228.78,257.52,74.481,0.38604
174.59,193.15,228.96,257.15,74.407,100
174.59,193.15,228.96,257.15,74.444,100
174.59,193.15,228.96,257.15,74.481,100
174.59,193.15,228.96,257.33,74.407,0.38625
174.59,193.15,228.96,257.33,74.444,100
174.59,193.15,228.96,257.33,74.481,100
174.59,193.15,228.96,257.52,74.407,0.38642
174.59,193.15,228.96,257.52,74.444,0.3863
174.59,193.15,228.96,257.52,74.481,0.38617
174.59,193.33,228.59,257.15,74.407,100
174.59,193.33,228.59,257.15,74.444,100
174.59,193.33,228.59,257.15,74.481,100
174.59,193.33,228.59,257.33,74.407,100
174.59,193.33,228.59,257.33,74.444,100
174.59,193.33,228.59,257.33,74.481,100
174.59,193.33,228.59,257.52,74.407,0.38614
174.59,193.33,228.59,257.52,74.444,0.38605
174.59,193.33,228.59,257.52,74.481,0.38596
174.59,193.33,228.78,257.15,74.407,100
174.59,193.33,228.78,257.15,74.444,100
174.59,193.33,228.78,257.15,74.481,100
174.59,193.33,228.78,257.33,74.407,0.38616
174.59,193.33,228.78,257.33,74.444,100
174.59,193.33,228.78,257.33,74.481,100
174.59,193.33,228.78,257.52,74.407,0.38634
174.59,193.33,228.78,257.52,74.444,0.38622
174.59,193.33,228.78,257.52,74.481,0.38613
174.59,193.33,228.96,257.15,74.407,100
174.59,193.33,228.96,257.15,74.444,100
174.59,193.33,228.96,257.15,74.481,100
174.59,193.33,228.96,257.33,74.407,0.3863
174.59,193.33,228.96,257.33,74.444,0.38621
174.59,193.33,228.96,257.33,74.481,100
174.59,193.33,228.96,257.52,74.407,0.38648
174.59,193.33,228.96,257.52,74.444,0.38638
174.59,193.33,228.96,257.52,74.481,0.38626
174.59,193.52,228.59,257.15,74.407,100
174.59,193.52,228.59,257.15,74.444,100
174.59,193.52,228.59,257.15,74.481,100
174.59,193.52,228.59,257.33,74.407,100
174.59,193.52,228.59,257.33,74.444,100
174.59,193.52,228.59,257.33,74.481,100
174.59,193.52,228.59,257.52,74.407,0.38626
174.59,193.52,228.59,257.52,74.444,0.38613
174.59,193.52,228.59,257.52,74.481,0.38604
174.59,193.52,228.78,257.15,74.407,100
174.59,193.52,228.78,257.15,74.444,100
174.59,193.52,228.78,257.15,74.481,100
174.59,193.52,228.78,257.33,74.407,0.38625
174.59,193.52,228.78,257.33,74.444,0.38616
174.59,193.52,228.78,257.33,74.481,100
174.59,193.52,228.78,257.52,74.407,0.38643
174.59,193.52,228.78,257.52,74.444,0.38634
174.59,193.52,228.78,257.52,74.481,0.38621
174.59,193.52,228.96,257.15,74.407,100
174.59,193.52,228.96,257.15,74.444,100
174.59,193.52,228.96,257.15,74.481,100
174.59,193.52,228.96,257.33,74.407,0.38642
174.59,193.52,228.96,257.33,74.444,0.38629
174.59,193.52,228.96,257.33,74.481,0.3862
174.59,193.52,228.96,257.52,74.407,0.3866
174.59,193.52,228.96,257.52,74.444,0.38647
174.59,193.52,228.96,257.52,74.481,0.38638
174.78,193.15,228.59,257.15,74.407,100
174.78,193.15,228.59,257.15,74.444,100
174.78,193.15,228.59,257.15,74.481,100
174.78,193.15,228.59,257.33,74.407,100
174.78,193.15,228.59,257.33,74.444,100
174.78,193.15,228.59,257.33,74.481,100
174.78,193.15,228.59,257.52,74.407,0.38618
174.78,193.15,228.59,257.52,74.444,0.38609
174.78,193.15,228.59,257.52,74.481,0.38596
174.78,193.15,228.78,257.15,74.407,100
174.78,193.15,228.78,257.15,74.444,100
174.78,193.15,228.78,257.15,74.481,100
174.78,193.15,228.78,257.33,74.407,0.38617
174.78,193.15,228.78,257.33,74.444,100
174.78,193.15,228.78,257.33,74.481,100
174.78,193.15,228.78,257.52,74.407,0.38634
174.78,193.15,228.78,257.52,74.444,0.38622
174.78,193.15,228.78,257.52,74.481,0.38613
174.78,193.15,228.96,257.15,74.407,100
174.78,193.15,228.96,257.15,74.444,100
174.78,193.15,228.96,257.15,74.481,100
174.78,193.15,228.96,257.33,74.407,0.38634
174.78,193.15,228.96,257.33,74.444,0.38624
174.78,193.15,228.96,257.33,74.481,0.38609
174.78,193.15,228.96,257.52,74.407,0.38651
174.78,193.15,228.96,257.52,74.444,0.38642
174.78,193.15,228.96,257.52,74.481,0.3863
174.78,193.33,228.59,257.15,74.407,100
174.78,193.33,228.59,257.15,74.444,100
174.78,193.33,228.59,257.15,74.481,100
174.78,193.33,228.59,257.33,74.407,100
174.78,193.33,228.59,257.33,74.444,100
174.78,193.33,228.59,257.33,74.481,100
174.78,193.33,228.59,257.52,74.407,0.3863
174.78,193.33,228.59,257.52,74.444,0.38614
174.78,193.33,228.59,257.52,74.481,0.38605
174.78,193.33,228.78,257.15,74.407,100
174.78,193.33,228.78,257.15,74.444,100
174.78,193.33,228.78,257.15,74.481,100
174.78,193.33,228.78,257.33,74.407,0.38625
174.78,193.33,228.78,257.33,74.444,0.38616
174.78,193.33,228.78,257.33,74.481,100
174.78,193.33,228.78,257.52,74.407,0.38643
174.78,193.33,228.78,257.52,74.444,0.38634
174.78,193.33,228.78,257.52,74.481,0.38621
174.78,193.33,228.96,257.15,74.407,100
174.78,193.33,228.96,257.15,74.444,100
174.78,193.33,228.96,257.15,74.481,100
174.78,193.33,228.96,257.33,74.407,0.38645
174.78,193.33,228.96,257.33,74.444,0.38633
174.78,193.33,228.96,257.33,74.481,0.38621
174.78,193.33,228.96,257.52,74.407,0.38663
174.78,193.33,228.96,257.52,74.444,0.38651
174.78,193.33,228.96,257.52,74.481,0.38638
174.78,193.52,228.59,257.15,74.407,100
174.78,193.52,228.59,257.15,74.444,100
174.78,193.52,228.59,257.15,74.481,100
174.78,193.52,228.59,257.33,74.407,0.3862
174.78,193.52,228.59,257.33,74.444,100
174.78,193.52,228.59,257.33,74.481,100
174.78,193.52,228.59,257.52,74.407,0.38638
174.78,193.52,228.59,257.52,74.444,0.38626
174.78,193.52,228.59,257.52,74.481,0.38613
174.78,193.52,228.78,257.15,74.407,100
174.78,193.52,228.78,257.15,74.444,100
174.78,193.52,228.78,257.15,74.481,100
174.78,193.52,228.78,257.33,74.407,0.38634
174.78,193.52,228.78,257.33,74.444,0.38625
174.78,193.52,228.78,257.33,74.481,0.38612
174.78,193.52,228.78,257.52,74.407,0.38652
174.78,193.52,228.78,257.52,74.444,0.38642
174.78,193.52,228.78,257.52,74.481,0.38633
174.78,193.52,228.96,257.15,74.407,100
174.78,193.52,228.96,257.15,74.444,100
174.78,193.52,228.96,257.15,74.481,100
174.78,193.52,228.96,257.33,74.407,0.38654
174.78,193.52,228.96,257.33,74.444,0.38642
174.78,193.52,228.96,257.33,74.481,0.38629
174.78,193.52,228.96,257.52,74.407,0.38672
174.78,193.52,228.96,257.52,74.444,0.38659
174.78,193.52,228.96,257.52,74.481,0.38647
174.96,193.15,228.59,257.15,74.407,100
174.96,193.15,228.59,257.15,74.444,100
174.96,193.15,228.59,257.15,74.481,100
174.96,193.15,228.59,257.33,74.407,100
174.96,193.15,228.59,257.33,74.444,100
174.96,193.15,228.59,257.33,74.481,100
174.96,193.15,228.59,257.52,74.407,0.3863
174.96,193.15,228.59,257.52,74.444,0.38617
174.96,193.15,228.59,257.52,74.481,0.38608
174.96,193.15,228.78,257.15,74.407,100
174.96,193.15,228.78,257.15,74.444,100
174.96,193.15,228.78,257.15,74.481,100
174.96,193.15,228.78,257.33,74.407,0.38626
174.96,193.15,228.78,257.33,74.444,0.38616
174.96,193.15,228.78,257.33,74.481,100
174.96,193.15,228.78,257.52,74.407,0.38643
174.96,193.15,228.78,257.52,74.444,0.38634
174.96,193.15,228.78,257.52,74.481,0.38622
174.96,193.15,228.96,257.15,74.407,100
174.96,193.15,228.96,257.15,74.444,100
174.96,193.15,228.96,257.15,74.481,100
174.96,193.15,228.96,257.33,74.407,0.38646
174.96,193.15,228.96,257.33,74.444,0.38633
174.96,193.15,228.96,257.33,74.481,0.38624
174.96,193.15,228.96,257.52,74.407,0.38664
174.96,193.15,228.96,257.52,74.444,0.38651
174.96,193.15,228.96,257.52,74.481,0.38642
174.96,193.33,228.59,257.15,74.407,100
174.96,193.33,228.59,257.15,74.444,100
174.96,193.33,228.59,257.15,74.481,100
174.96,193.33,228.59,257.33,74.407,0.38621
174.96,193.33,228.59,257.33,74.444,100
174.96,193.33,228.59,257.33,74.481,100
174.96,193.33,228.59,257.52,74.407,0.38638
174.96,193.33,228.59,257.52,74.444,0.38629
174.96,193.33,228.59,257.52,74.481,0.38617
174.96,193.33,228.78,257.15,74.407,100
174.96,193.33,228.78,257.15,74.444,100
174.96,193.33,228.78,257.15,74.481,100
174.96,193.33,228.78,257.33,74.407,0.38634
174.96,193.33,228.78,257.33,74.444,0.38625
174.96,193.33,228.78,257.33,74.481,0.38613
174.96,193.33,228.78,257.52,74.407,0.38652
174.96,193.33,228.78,257.52,74.444,0.38643
174.96,193.33,228.78,257.52,74.481,0.38634
174.96,193.33,228.96,257.15,74.407,100
174.96,193.33,228.96,257.15,74.444,100
174.96,193.33,228.96,257.15,74.481,100
174.96,193.33,228.96,257.33,74.407,0.38654
174.96,193.33,228.96,257.33,74.444,0.38642
174.96,193.33,228.96,257.33,74.481,0.38633
174.96,193.33,228.96,257.52,74.407,0.38672
174.96,193.33,228.96,257.52,74.444,0.38663
174.96,193.33,228.96,257.52,74.481,0.3865
174.96,193.52,228.59,257.15,74.407,100
174.96,193.52,228.59,257.15,74.444,100
174.96,193.52,228.59,257.15,74.481,100
174.96,193.52,228.59,257.33,74.407,0.38629
174.96,193.52,228.59,257.33,74.444,0.3862
174.96,193.52,228.59,257.33,74.481,100
174.96,193.52,228.59,257.52,74.407,0.38647
174.96,193.52,228.59,257.52,74.444,0.38638
174.96,193.52,228.59,257.52,74.481,0.38625
174.96,193.52,228.78,257.15,74.407,100
174.96,193.52,228.78,257.15,74.444,100
174.96,193.52,228.78,257.15,74.481,100
174.96,193.52,228.78,257.33,74.407,0.38646
174.96,193.52,228.78,257.33,74.444,0.38634
174.96,193.52,228.78,257.33,74.481,0.38624
174.96,193.52,228.78,257.52,74.407,0.38664
174.96,193.52,228.78,257.52,74.444,0.38651
174.96,193.52,228.78,257.52,74.481,0.38642
174.96,193.52,228.96,257.15,74.407,100
174.96,193.52,228.96,257.15,74.444,100
174.96,193.52,228.96,257.15,74.481,100
174.96,193.52,228.96,257.33,74.407,0.38663
174.96,193.52,228.96,257.33,74.444,0.38654
174.96,193.52,228.96,257.33,74.481,0.38641
174.96,193.52,228.96,257.52,74.407,0.38681
174.96,193.52,228.96,257.52,74.444,0.38672
174.96,193.52,228.96,257.52,74.481,0.38659
174.53,193.09,228.53,257.46,74.469,0.38571
174.53,193.09,228.53,257.46,74.481,0.3857
174.53,193.09,228.53,257.46,74.494,100
174.53,193.09,228.53,257.52,74.469,0.38576
174.53,193.09,228.53,257.52,74.481,0.38575
174.53,193.09,228.53,257.52,74.494,0.38568
174.53,193.09,228.53,257.58,74.469,0.38584
174.53,193.09,228.53,257.58,74.481,0.3858
174.53,193.09,228.53,257.58,74.494,0.38576
174.53,193.09,228.59,257.46,74.469,0.38576
174.53,193.09,228.59,257.46,74.481,0.38575
174.53,193.09,228.59,257.46,74.494,0.38567
174.53,193.09,228.59,257.52,74.469,0.38584
174.53,193.09,228.59,257.52,74.481,0.3858
174.53,193.09,228.59,257.52,74.494,0.38576
174.53,193.09,228.59,257.58,74.469,0.38588
174.53,193.09,228.59,257.58,74.481,0.38584
174.53,193.09,228.59,257.58,74.494,0.3858
174.53,193.09,228.65,257.46,74.469,0.3858
174.53,193.09,228.65,257.46,74.481,0.38579
174.53,193.09,228.65,257.46,74.494,0.38572
174.53,193.09,228.65,257.52,74.469,0.38588
174.53,193.09,228.65,257.52,74.481,0.38584
174.53,193.09,228.65,257.52,74.494,0.38583
174.53,193.09,228.65,257.58,74.469,0.38593
174.53,193.09,228.65,257.58,74.481,0.38592
174.53,193.09,228.65,257.58,74.494,0.38588
174.53,193.15,228.53,257.46,74.469,0.38575
174.53,193.15,228.53,257.46,74.481,0.38571
174.53,193.15,228.53,257.46,74.494,0.38567
174.53,193.15,228.53,257.52,74.469,0.3858
174.53,193.15,228.53,257.52,74.481,0.38576
174.53,193.15,228.53,257.52,74.494,0.38575
174.53,193.15,228.53,257.58,74.469,0.38588
174.53,193.15,228.53,257.58,74.481,0.38581
174.53,193.15,228.53,257.58,74.494,0.3858
174.53,193.15,228.59,257.46,74.469,0.3858
174.53,193.15,228.59,257.46,74.481,0.38575
174.53,193.15,228.59,257.46,74.494,0.38571
174.53,193.15,228.59,257.52,74.469,0.38588
174.53,193.15,228.59,257.52,74.481,0.3858
174.53,193.15,228.59,257.52,74.494,0.38579
174.53,193.15,228.59,257.58,74.469,0.38592
174.53,193.15,228.59,257.58,74.481,0.38588
174.53,193.15,228.59,257.58,74.494,0.38584
174.53,193.15,228.65,257.46,74.469,0.38584
174.53,193.15,228.65,257.46,74.481,0.38583
174.53,193.15,228.65,257.46,74.494,0.38576
174.53,193.15,228.65,257.52,74.469,0.38592
174.53,193.15,228.65,257.52,74.481,0.38588
174.53,193.15,228.65,257.52,74.494,0.38584
174.53,193.15,228.65,257.58,74.469,0.38597
174.53,193.15,228.65,257.58,74.481,0.38596
174.53,193.15,228.65,257.58,74.494,0.38589
174.53,193.21,228.53,257.46,74.469,0.38576
174.53,193.21,228.53,257.46,74.481,0.38575
174.53,193.21,228.53,257.46,74.494,0.38567
174.53,193.21,228.53,257.52,74.469,0.38584
174.53,193.21,228.53,257.52,74.481,0.3858
174.53,193.21,228.53,257.52,74.494,0.38576
174.53,193.21,228.53,257.58,74.469,0.38589
174.53,193.21,228.53,257.58,74.481,0.38585
174.53,193.21,228.53,257.58,74.494,0.3858
174.53,193.21,228.59,257.46,74.469,0.3858
174.53,193.21,228.59,257.46,74.481,0.38579
174.53,193.21,228.59,257.46,74.494,0.38575
174.53,193.21,228.59,257.52,74.469,0.38588
174.53,193.21,228.59,257.52,74.481,0.38584
174.53,193.21,228.59,257.52,74.494,0.38583
174.53,193.21,228.59,257.58,74.469,0.38593
174.53,193.21,228.59,257.58,74.481,0.38592
174.53,193.21,228.59,257.58,74.494,0.38588
174.53,193.21,228.65,257.46,74.469,0.38591
174.53,193.21,228.65,257.46,74.481,0.38584
174.53,193.21,228.65,257.46,74.494,0.38583
174.53,193.21,228.65,257.52,74.469,0.38596
174.53,193.21,228.65,257.52,74.481,0.38589
174.53,193.21,228.65,257.52,74.494,0.38588
174.53,193.21,228.65,257.58,74.469,0.38601
174.53,193.21,228.65,257.58,74.481,0.38597
174.53,193.21,228.65,257.58,74.494,0.38592
174.59,193.09,228.53,257.46,74.469,0.38575
174.59,193.09,228.53,257.46,74.481,0.38571
174.59,193.09,228.53,257.46,74.494,0.38567
174.59,193.09,228.53,257.52,74.469,0.38583
174.59,193.09,228.53,257.52,74.481,0.38576
174.59,193.09,228.53,257.52,74.494,0.38575
174.59,193.09,228.53,257.58,74.469,0.38588
174.59,193.09,228.53,257.58,74.481,0.38581
174.59,193.09,228.53,257.58,74.494,0.3858
174.59,193.09,228.59,257.46,74.469,0.3858
174.59,193.09,228.59,257.46,74.481,0.38576
174.59,193.09,228.59,257.46,74.494,0.38571
174.59,193.09,228.59,257.52,74.469,0.38588
174.59,193.09,228.59,257.52,74.481,0.3858
174.59,193.09,228.59,257.52,74.494,0.38579
174.59,193.09,228.59,257.58,74.469,0.38592
174.59,193.09,228.59,257.58,74.481,0.38588
174.59,193.09,228.59,257.58,74.494,0.38584
174.59,193.09,228.65,257.46,74.469,0.38584
174.59,193.09,228.65,257.46,74.481,0.38583
174.59,193.09,228.65,257.46,74.494,0.38576
174.59,193.09,228.65,257.52,74.469,0.38592
174.59,193.09,228.65,257.52,74.481,0.38588
174.59,193.09,228.65,257.52,74.494,0.38584
174.59,193.09,228.65,257.58,74.469,0.38597
174.59,193.09,228.65,257.58,74.481,0.38596
174.59,193.09,228.65,257.58,74.494,0.38589
174.59,193.15,228.53,257.46,74.469,0.38576
174.59,193.15,228.53,257.46,74.481,0.38575
174.59,193.15,228.53,257.46,74.494,0.38571
174.59,193.15,228.53,257.52,74.469,0.38584
174.59,193.15,228.53,257.52,74.481,0.3858
174.59,193.15,228.53,257.52,74.494,0.38579
174.59,193.15,228.53,257.58,74.469,0.38589
174.59,193.15,228.53,257.58,74.481,0.38585
174.59,193.15,228.53,257.58,74.494,0.38584
174.59,193.15,228.59,257.46,74.469,0.3858
174.59,193.15,228.59,257.46,74.481,0.38579
174.59,193.15,228.59,257.46,74.494,0.38575
174.59,193.15,228.59,257.52,74.469,0.38588
174.59,193.15,228.59,257.52,74.481,0.38584
174.59,193.15,228.59,257.52,74.494,0.38583
174.59,193.15,228.59,257.58,74.469,0.38596
174.59,193.15,228.59,257.58,74.481,0.38592
174.59,193.15,228.59,257.58,74.494,0.38588
174.59,193.15,228.65,257.46,74.469,0.38591
174.59,193.15,228.65,257.46,74.481,0.38584
174.59,193.15,228.65,257.46,74.494,0.38583
174.59,193.15,228.65,257.52,74.469,0.38596
174.59,193.15,228.65,257.52,74.481,0.38589
174.59,193.15,228.65,257.52,74.494,0.38588
174.59,193.15,228.65,257.58,74.469,0.38601
174.59,193.15,228.65,257.58,74.481,0.38597
174.59,193.15,228.65,257.58,74.494,0.38593
174.59,193.21,228.53,257.46,74.469,0.3858
174.59,193.21,228.53,257.46,74.481,0.38579
174.59,193.21,228.53,257.46,74.494,0.38571
174.59,193.21,228.53,257.52,74.469,0.38588
174.59,193.21,228.53,257.52,74.481,0.38584
174.59,193.21,228.53,257.52,74.494,0.3858
174.59,193.21,228.53,257.58,74.469,0.38593
174.59,193.21,228.53,257.58,74.481,0.38592
174.59,193.21,228.53,257.58,74.494,0.38584
174.59,193.21,228.59,257.46,74.469,0.38584
174.59,193.21,228.59,257.46,74.481,0.38583
174.59,193.21,228.59,257.46,74.494,0.38576
174.59,193.21,228.59,257.52,74.469,0.38592
174.59,193.21,228.59,257.52,74.481,0.38588
174.59,193.21,228.59,257.52,74.494,0.38584
174.59,193.21,228.59,257.58,74.469,0.38597
174.59,193.21,228.59,257.58,74.481,0.38596
174.59,193.21,228.59,257.58,74.494,0.38589
174.59,193.21,228.65,257.46,74.469,0.38592
174.59,193.21,228.65,257.46,74.481,0.38588
174.59,193.21,228.65,257.46,74.494,0.38587
174.59,193.21,228.65,257.52,74.469,0.38597
174.59,193.21,228.65,257.52,74.481,0.38596
174.59,193.21,228.65,257.52,74.494,0.38592
174.59,193.21,228.65,257.58,74.469,0.38601
174.59,193.21,228.65,257.58,74.481,0.38601
174.59,193.21,228.65,257.58,74.494,0.38597
174.65,193.09,228.53,257.46,74.469,0.38576
174.65,193.09,228.53,257.46,74.481,0.38575
174.65,193.09,228.53,257.46,74.494,0.38571
174.65,193.09,228.53,257.52,74.469,0.38584
174.65,193.09,228.53,257.52,74.481,0.3858
174.65,193.09,228.53,257.52,74.494,0.38579
174.65,193.09,228.53,257.58,74.469,0.38589
174.65,193.09,228.53,257.58,74.481,0.38585
174.65,193.09,228.53,257.58,74.494,0.38584
174.65,193.09,228.59,257.46,74.469,0.38584
174.65,193.09,228.59,257.46,74.481,0.38579
174.65,193.09,228.59,257.46,74.494,0.38575
174.65,193.09,228.59,257.52,74.469,0.38592
174.65,193.09,228.59,257.52,74.481,0.38584
174.65,193.09,228.59,257.52,74.494,0.38583
174.65,193.09,228.59,257.58,74.469,0.38597
174.65,193.09,228.59,257.58,74.481,0.38592
174.65,193.09,228.59,257.58,74.494,0.38588
174.65,193.09,228.65,257.46,74.469,0.38591
174.65,193.09,228.65,257.46,74.481,0.38584
174.65,193.09,228.65,257.46,74.494,0.38583
174.65,193.09,228.65,257.52,74.469,0.38596
174.65,193.09,228.65,257.52,74.481,0.38589
174.65,193.09,228.65,257.52,74.494,0.38588
174.65,193.09,228.65,257.58,74.469,0.38601
174.65,193.09,228.65,257.58,74.481,0.38597
174.65,193.09,228.65,257.58,74.494,0.38593
174.65,193.15,228.53,257.46,74.469,0.3858
174.65,193.15,228.53,257.46,74.481,0.38579
174.65,193.15,228.53,257.46,74.494,0.38572
174.65,193.15,228.53,257.52,74.469,0.38588
174.65,193.15,228.53,257.52,74.481,0.38584
174.65,193.15,228.53,257.52,74.494,0.3858
174.65,193.15,228.53,257.58,74.469,0.38593
174.65,193.15,228.53,257.58,74.481,0.38592
174.65,193.15,228.53,257.58,74.494,0.38584
174.65,193.15,228.59,257.46,74.469,0.38584
174.65,193.15,228.59,257.46,74.481,0.38583
174.65,193.15,228.59,257.46,74.494,0.38579
174.65,193.15,228.59,257.52,74.469,0.38592
174.65,193.15,228.59,257.52,74.481,0.38588
174.65,193.15,228.59,257.52,74.494,0.38584
174.65,193.15,228.59,257.58,74.469,0.38597
174.65,193.15,228.59,257.58,74.481,0.38596
174.65,193.15,228.59,257.58,74.494,0.38589
174.65,193.15,228.65,257.46,74.469,0.38592
174.65,193.15,228.65,257.46,74.481,0.38588
174.65,193.15,228.65,257.46,74.494,0.38587
174.65,193.15,228.65,257.52,74.469,0.38597
174.65,193.15,228.65,257.52,74.481,0.38596
174.65,193.15,228.65,257.52,74.494,0.38592
174.65,193.15,228.65,257.58,74.469,0.38602
174.65,193.15,228.65,257.58,74.481,0.38601
174.65,193.15,228.65,257.58,74.494,0.38597
174.65,193.21,228.53,257.46,74.469,0.38584
174.65,193.21,228.53,257.46,74.481,0.3858
174.65,193.21,228.53,257.46,74.494,0.38576
174.65,193.21,228.53,257.52,74.469,0.38592
174.65,193.21,228.53,257.52,74.481,0.38584
174.65,193.21,228.53,257.52,74.494,0.38584
174.65,193.21,228.53,257.58,74.469,0.38597
174.65,193.21,228.53,257.58,74.481,0.38593
174.65,193.21,228.53,257.58,74.494,0.38588
174.65,193.21,228.59,257.46,74.469,0.38591
174.65,193.21,228.59,257.46,74.481,0.38584
174.65,193.21,228.59,257.46,74.494,0.38583
174.65,193.21,228.59,257.52,74.469,0.38596
174.65,193.21,228.59,257.52,74.481,0.38592
174.65,193.21,228.59,257.52,74.494,0.38588
174.65,193.21,228.59,257.58,74.469,0.38601
174.65,193.21,228.59,257.58,74.481,0.386
174.65,193.21,228.59,257.58,74.494,0.38593
174.65,193.21,228.65,257.46,74.469,0.38596
174.65,193.21,228.65,257.46,74.481,0.38592
174.65,193.21,228.65,257.46,74.494,0.38588
174.65,193.21,228.65,257.52,74.469,0.38601
174.65,193.21,228.65,257.52,74.481,0.386
174.65,193.21,228.65,257.52,74.494,0.38592
174.65,193.21,228.65,257.58,74.469,0.38605
174.65,193.21,228.65,257.58,74.481,0.38605
174.65,193.21,228.65,257.58,74.494,0.38597
174.51,193.13,228.51,257.44,74.49,100
174.51,193.13,228.51,257.44,74.494,100
174.51,193.13,228.51,257.44,74.498,100
174.51,193.13,228.51,257.46,74.49,100
174.51,193.13,228.51,257.46,74.494,100
174.51,193.13,228.51,257.46,74.498,100
174.51,193.13,228.51,257.48,74.49,0.38566
174.51,193.13,228.51,257.48,74.494,0.38562
174.51,193.13,228.51,257.48,74.498,0.38565
174.51,193.13,228.53,257.44,74.49,100
174.51,193.13,228.53,257.44,74.494,100
174.51,193.13,228.53,257.44,74.498,100
174.51,193.13,228.53,257.46,74.49,0.38567
174.51,193.13,228.53,257.46,74.494,0.38563
174.51,193.13,228.53,257.46,74.498,100
174.51,193.13,228.53,257.48,74.49,0.38566
174.51,193.13,228.53,257.48,74.494,0.38569
174.51,193.13,228.53,257.48,74.498,0.38566
174.51,193.13,228.55,257.44,74.49,100
174.51,193.13,228.55,257.44,74.494,100
174.51,193.13,228.55,257.44,74.498,100
174.51,193.13,228.55,257.46,74.49,0.38567
174.51,193.13,228.55,257.46,74.494,0.38567
174.51,193.13,228.55,257.46,74.498,0.38563
174.51,193.13,228.55,257.48,74.49,0.3857
174.51,193.13,228.55,257.48,74.494,0.3857
174.51,193.13,228.55,257.48,74.498,0.38569
174.51,193.15,228.51,257.44,74.49,100
174.51,193.15,228.51,257.44,74.494,100
174.51,193.15,228.51,257.44,74.498,100
174.51,193.15,228.51,257.46,74.49,0.38566
174.51,193.15,228.51,257.46,74.494,100
174.51,193.15,228.51,257.46,74.498,100
174.51,193.15,228.51,257.48,74.49,0.38566
174.51,193.15,228.51,257.48,74.494,0.38566
174.51,193.15,228.51,257.48,74.498,0.38565
174.51,193.15,228.53,257.44,74.49,100
174.51,193.15,228.53,257.44,74.494,100
174.51,193.15,228.53,257.44,74.498,100
174.51,193.15,228.53,257.46,74.49,0.38567
174.51,193.15,228.53,257.46,74.494,0.38567
174.51,193.15,228.53,257.46,74.498,0.38563
174.51,193.15,228.53,257.48,74.49,0.38566
174.51,193.15,228.53,257.48,74.494,0.38569
174.51,193.15,228.53,257.48,74.498,0.38566
174.51,193.15,228.55,257.44,74.49,100
174.51,193.15,228.55,257.44,74.494,100
174.51,193.15,228.55,257.44,74.498,100
174.51,193.15,228.55,257.46,74.49,0.38567
174.51,193.15,228.55,257.46,74.494,0.38567
174.51,193.15,228.55,257.46,74.498,0.38563
174.51,193.15,228.55,257.48,74.49,0.3857
174.51,193.15,228.55,257.48,74.494,0.3857
174.51,193.15,228.55,257.48,74.498,0.38569
174.51,193.17,228.51,257.44,74.49,100
174.51,193.17,228.51,257.44,74.494,100
174.51,193.17,228.51,257.44,74.498,100
174.51,193.17,228.51,257.46,74.49,0.38567
174.51,193.17,228.51,257.46,74.494,0.38563
174.51,193.17,228.51,257.46,74.498,100
174.51,193.17,228.51,257.48,74.49,0.38566
174.51,193.17,228.51,257.48,74.494,0.38569
174.51,193.17,228.51,257.48,74.498,0.38566
174.51,193.17,228.53,257.44,74.49,100
174.51,193.17,228.53,257.44,74.494,100
174.51,193.17,228.53,257.44,74.498,100
174.51,193.17,228.53,257.46,74.49,0.38567
174.51,193.17,228.53,257.46,74.494,0.38567
174.51,193.17,228.53,257.46,74.498,0.38563
174.51,193.17,228.53,257.48,74.49,0.3857
174.51,193.17,228.53,257.48,74.494,0.3857
174.51,193.17,228.53,257.48,74.498,0.38569
174.51,193.17,228.55,257.44,74.49,100
174.51,193.17,228.55,257.44,74.494,100
174.51,193.17,228.55,257.44,74.498,100
174.51,193.17,228.55,257.46,74.49,0.38571
174.51,193.17,228.55,257.46,74.494,0.38567
174.51,193.17,228.55,257.46,74.498,0.38567
174.51,193.17,228.55,257.48,74.49,0.3857
174.51,193.17,228.55,257.48,74.494,0.3857
174.51,193.17,228.55,257.48,74.498,0.3857
174.53,193.13,228.51,257.44,74.49,100
174.53,193.13,228.51,257.44,74.494,100
174.53,193.13,228.51,257.44,74.498,100
174.53,193.13,228.51,257.46,74.49,0.38567
174.53,193.13,228.51,257.46,74.494,100
174.53,193.13,228.51,257.46,74.498,100
174.53,193.13,228.51,257.48,74.49,0.38566
174.53,193.13,228.51,257.48,74.494,0.38569
174.53,193.13,228.51,257.48,74.498,0.38565
174.53,193.13,228.53,257.44,74.49,100
174.53,193.13,228.53,257.44,74.494,100
174.53,193.13,228.53,257.44,74.498,100
174.53,193.13,228.53,257.46,74.49,0.38567
174.53,193.13,228.53,257.46,74.494,0.38567
174.53,193.13,228.53,257.46,74.498,0.38563
174.53,193.13,228.53,257.48,74.49,0.38566
174.53,193.13,228.53,257.48,74.494,0.38569
174.53,193.13,228.53,257.48,74.498,0.38566
174.53,193.13,228.55,257.44,74.49,100
174.53,193.13,228.55,257.44,74.494,100
174.53,193.13,228.55,257.44,74.498,100
174.53,193.13,228.55,257.46,74.49,0.38567
174.53,193.13,228.55,257.46,74.494,0.38567
174.53,193.13,228.55,257.46,74.498,0.38563
174.53,193.13,228.55,257.48,74.49,0.3857
174.53,193.13,228.55,257.48,74.494,0.3857
174.53,193.13,228.55,257.48,74.498,0.38569
174.53,193.15,228.51,257.44,74.49,100
174.53,193.15,228.51,257.44,74.494,100
174.53,193.15,228.51,257.44,74.498,100
174.53,193.15,228.51,257.46,74.49,0.38567
174.53,193.15,228.51,257.46,74.494,0.38563
174.53,193.15,228.51,257.46,74.498,100
174.53,193.15,228.51,257.48,74.49,0.38566
174.53,193.15,228.51,257.48,74.494,0.38569
174.53,193.15,228.51,257.48,74.498,0.38566
174.53,193.15,228.53,257.44,74.49,100
174.53,193.15,228.53,257.44,74.494,100
174.53,193.15,228.53,257.44,74.498,100
174.53,193.15,228.53,257.46,74.49,0.38567
174.53,193.15,228.53,257.46,74.494,0.38567
174.53,193.15,228.53,257.46,74.498,0.38563
174.53,193.15,228.53,257.48,74.49,0.3857
174.53,193.15,228.53,257.48,74.494,0.3857
174.53,193.15,228.53,257.48,74.498,0.38569
174.53,193.15,228.55,257.44,74.49,100
174.53,193.15,228.55,257.44,74.494,100
174.53,193.15,228.55,257.44,74.498,100
174.53,193.15,228.55,257.46,74.49,0.38571
174.53,193.15,228.55,257.46,74.494,0.38567
174.53,193.15,228.55,257.46,74.498,0.38567
174.53,193.15,228.55,257.48,74.49,0.3857
174.53,193.15,228.55,257.48,74.494,0.38573
174.53,193.15,228.55,257.48,74.498,0.3857
174.53,193.17,228.51,257.44,74.49,100
174.53,193.17,228.51,257.44,74.494,100
174.53,193.17,228.51,257.44,74.498,100
174.53,193.17,228.51,257.46,74.49,0.38567
174.53,193.17,228.51,257.46,74.494,0.38567
174.53,193.17,228.51,257.46,74.498,0.38563
174.53,193.17,228.51,257.48,74.49,0.38566
174.53,193.17,228.51,257.48,74.494,0.38569
174.53,193.17,228.51,257.48,74.498,0.38566
174.53,193.17,228.53,257.44,74.49,100
174.53,193.17,228.53,257.44,74.494,100
174.53,193.17,228.53,257.44,74.498,100
174.53,193.17,228.53,257.46,74.49,0.38567
174.53,193.17,228.53,257.46,74.494,0.38567
174.53,193.17,228.53,257.46,74.498,0.38567
174.53,193.17,228.53,257.48,74.49,0.3857
174.53,193.17,228.53,257.48,74.494,0.3857
174.53,193.17,228.53,257.48,74.498,0.38569
174.53,193.17,228.55,257.44,74.49,100
174.53,193.17,228.55,257.44,74.494,100
174.53,193.17,228.55,257.44,74.498,100
174.53,193.17,228.55,257.46,74.49,0.38571
174.53,193.17,228.55,257.46,74.494,0.38567
174.53,193.17,228.55,257.46,74.498,0.38567
174.53,193.17,228.55,257.48,74.49,0.38574
174.53,193.17,228.55,257.48,74.494,0.38573
174.53,193.17,228.55,257.48,74.498,0.3857
174.55,193.13,228.51,257.44,74.49,100
174.55,193.13,228.51,257.44,74.494,100
174.55,193.13,228.51,257.44,74.498,100
174.55,193.13,228.51,257.46,74.49,0.38567
174.55,193.13,228.51,257.46,74.494,0.38563
174.55,193.13,228.51,257.46,74.498,100
174.55,193.13,228.51,257.48,74.49,0.38566
174.55,193.13,228.51,257.48,74.494,0.38569
174.55,193.13,228.51,257.48,74.498,0.38566
174.55,193.13,228.53,257.44,74.49,100
174.55,193.13,228.53,257.44,74.494,100
174.55,193.13,228.53,257.44,74.498,100
174.55,193.13,228.53,257.46,74.49,0.38567
174.55,193.13,228.53,257.46,74.494,0.38567
174.55,193.13,228.53,257.46,74.498,0.38563
174.55,193.13,228.53,257.48,74.49,0.3857
174.55,193.13,228.53,257.48,74.494,0.3857
174.55,193.13,228.53,257.48,74.498,0.38569
174.55,193.13,228.55,257.44,74.49,100
174.55,193.13,228.55,257.44,74.494,100
174.55,193.13,228.55,257.44,74.498,100
174.55,193.13,228.55,257.46,74.49,0.38571
174.55,193.13,228.55,257.46,74.494,0.38567
174.55,193.13,228.55,257.46,74.498,0.38567
174.55,193.13,228.55,257.48,74.49,0.3857
174.55,193.13,228.55,257.48,74.494,0.38573
174.55,193.13,228.55,257.48,74.498,0.3857
174.55,193.15,228.51,257.44,74.49,100
174.55,193.15,228.51,257.44,74.494,100
174.55,193.15,228.51,257.44,74.498,100
174.55,193.15,228.51,257.46,74.49,0.38567
174.55,193.15,228.51,257.46,74.494,0.38567
174.55,193.15,228.51,257.46,74.498,0.38563
174.55,193.15,228.51,257.48,74.49,0.38566
174.55,193.15,228.51,257.48,74.494,0.38569
174.55,193.15,228.51,257.48,74.498,0.38569
174.55,193.15,228.53,257.44,74.49,100
174.55,193.15,228.53,257.44,74.494,100
174.55,193.15,228.53,257.44,74.498,100
174.55,193.15,228.53,257.46,74.49,0.38567
174.55,193.15,228.53,257.46,74.494,0.38567
174.55,193.15,228.53,257.46,74.498,0.38567
174.55,193.15,228.53,257.48,74.49,0.3857
174.55,193.15,228.53,257.48,74.494,0.3857
174.55,193.15,228.53,257.48,74.498,0.3857
174.55,193.15,228.55,257.44,74.49,100
174.55,193.15,228.55,257.44,74.494,100
174.55,193.15,228.55,257.44,74.498,100
174.55,193.15,228.55,257.46,74.49,0.38571
174.55,193.15,228.55,257.46,74.494,0.38567
174.55,193.15,228.55,257.46,74.498,0.38567
174.55,193.15,228.55,257.48,74.49,0.38574
174.55,193.15,228.55,257.48,74.494,0.38573
174.55,193.15,228.55,257.48,74.498,0.3857
174.55,193.17,228.51,257.44,74.49,100
174.55,193.17,228.51,257.44,74.494,100
174.55,193.17,228.51,257.44,74.498,100
174.55,193.17,228.51,257.46,74.49,0.38567
174.55,193.17,228.51,257.46,74.494,0.38567
174.55,193.17,228.51,257.46,74.498,0.38563
174.55,193.17,228.51,257.48,74.49,0.3857
174.55,193.17,228.51,257.48,74.494,0.3857
174.55,193.17,228.51,257.48,74.498,0.38569
174.55,193.17,228.53,257.44,74.49,100
174.55,193.17,228.53,257.44,74.494,100
174.55,193.17,228.53,257.44,74.498,100
174.55,193.17,228.53,257.46,74.49,0.38571
174.55,193.17,228.53,257.46,74.494,0.38567
174.55,193.17,228.53,257.46,74.498,0.38567
174.55,193.17,228.53,257.48,74.49,0.38574
174.55,193.17,228.53,257.48,74.494,0.38573
174.55,193.17,228.53,257.48,74.498,0.3857
174.55,193.17,228.55,257.44,74.49,100
174.55,193.17,228.55,257.44,74.494,100
174.55,193.17,228.55,257.44,74.498,100
174.55,193.17,228.55,257.46,74.49,0.38571
174.55,193.17,228.55,257.46,74.494,0.38571
174.55,193.17,228.55,257.46,74.498,0.38567
174.55,193.17,228.55,257.48,74.49,0.38574
174.55,193.17,228.55,257.48,74.494,0.38574
174.55,193.17,228.55,257.48,74.498,0.38573
174.5,193.12,228.5,257.47,74.492,0.38565
174.5,193.12,228.5,257.47,74.494,0.38562
174.5,193.12,228.5,257.47,74.495,0.38562
174.5,193.12,228.5,257.48,74.492,0.38565
174.5,193.12,228.5,257.48,74.494,0.38562
174.5,193.12,228.5,257.48,74.495,0.38562
174.5,193.12,228.5,257.48,74.492,0.38565
174.5,193.12,228.5,257.48,74.494,0.38565
174.5,193.12,228.5,257.48,74.495,0.38562
174.5,193.12,228.51,257.47,74.492,0.38566
174.5,193.12,228.51,257.47,74.494,0.38562
174.5,193.12,228.51,257.47,74.495,0.38562
174.5,193.12,228.51,257.48,74.492,0.38565
174.5,193.12,228.51,257.48,74.494,0.38562
174.5,193.12,228.51,257.48,74.495,0.38562
174.5,193.12,228.51,257.48,74.492,0.38565
174.5,193.12,228.51,257.48,74.494,0.38565
174.5,193.12,228.51,257.48,74.495,0.38562
174.5,193.12,228.52,257.47,74.492,0.38566
174.5,193.12,228.52,257.47,74.494,0.38562
174.5,193.12,228.52,257.47,74.495,0.38562
174.5,193.12,228.52,257.48,74.492,0.38566
174.5,193.12,228.52,257.48,74.494,0.38562
174.5,193.12,228.52,257.48,74.495,0.38562
174.5,193.12,228.52,257.48,74.492,0.38565
174.5,193.12,228.52,257.48,74.494,0.38565
174.5,193.12,228.52,257.48,74.495,0.38565
174.5,193.13,228.5,257.47,74.492,0.38566
174.5,193.13,228.5,257.47,74.494,0.38562
174.5,193.13,228.5,257.47,74.495,0.38562
174.5,193.13,228.5,257.48,74.492,0.38565
174.5,193.13,228.5,257.48,74.494,0.38562
174.5,193.13,228.5,257.48,74.495,0.38562
174.5,193.13,228.5,257.48,74.492,0.38565
174.5,193.13,228.5,257.48,74.494,0.38565
174.5,193.13,228.5,257.48,74.495,0.38562
174.5,193.13,228.51,257.47,74.492,0.38566
174.5,193.13,228.51,257.47,74.494,0.38562
174.5,193.13,228.51,257.47,74.495,0.38562
174.5,193.13,228.51,257.48,74.492,0.38565
174.5,193.13,228.51,257.48,74.494,0.38562
174.5,193.13,228.51,257.48,74.495,0.38562
174.5,193.13,228.51,257.48,74.492,0.38565
174.5,193.13,228.51,257.48,74.494,0.38565
174.5,193.13,228.51,257.48,74.495,0.38562
174.5,193.13,228.52,257.47,74.492,0.38566
174.5,193.13,228.52,257.47,74.494,0.38562
174.5,193.13,228.52,257.47,74.495,0.38562
174.5,193.13,228.52,257.48,74.492,0.38566
174.5,193.13,228.52,257.48,74.494,0.38566
174.5,193.13,228.52,257.48,74.495,0.38562
174.5,193.13,228.52,257.48,74.492,0.38565
174.5,193.13,228.52,257.48,74.494,0.38565
174.5,193.13,228.52,257.48,74.495,0.38565
174.5,193.13,228.5,257.47,74.492,0.38566
174.5,193.13,228.5,257.47,74.494,0.38562
174.5,193.13,228.5,257.47,74.495,0.38562
174.5,193.13,228.5,257.48,74.492,0.38565
174.5,193.13,228.5,257.48,74.494,0.38562
174.5,193.13,228.5,257.48,74.495,0.38562
174.5,193.13,228.5,257.48,74.492,0.38565
174.5,193.13,228.5,257.48,74.494,0.38565
174.5,193.13,228.5,257.48,74.495,0.38562
174.5,193.13,228.51,257.47,74.492,0.38566
174.5,193.13,228.51,257.47,74.494,0.38562
174.5,193.13,228.51,257.47,74.495,0.38562
174.5,193.13,228.51,257.48,74.492,0.38566
174.5,193.13,228.51,257.48,74.494,0.38562
174.5,193.13,228.51,257.48,74.495,0.38562
174.5,193.13,228.51,257.48,74.492,0.38565
174.5,193.13,228.51,257.48,74.494,0.38565
174.5,193.13,228.51,257.48,74.495,0.38565
174.5,193.13,228.52,257.47,74.492,0.38566
174.5,193.13,228.52,257.47,74.494,0.38562
174.5,193.13,228.52,257.47,74.495,0.38562
174.5,193.13,228.52,257.48,74.492,0.38566
174.5,193.13,228.52,257.48,74.494,0.38566
174.5,193.13,228.52,257.48,74.495,0.38566
174.5,193.13,228.52,257.48,74.492,0.38565
174.5,193.13,228.52,257.48,74.494,0.38565
174.5,193.13,228.52,257.48,74.495,0.38565
174.51,193.12,228.5,257.47,74.492,0.38566
174.51,193.12,228.5,257.47,74.494,0.38562
174.51,193.12,228.5,257.47,74.495,0.38562
174.51,193.12,228.5,257.48,74.492,0.38565
174.51,193.12,228.5,257.48,74.494,0.38562
174.51,193.12,228.5,257.48,74.495,0.38562
174.51,193.12,228.5,257.48,74.492,0.38565
174.51,193.12,228.5,257.48,74.494,0.38565
174.51,193.12,228.5,257.48,74.495,0.38562
174.51,193.12,228.51,257.47,74.492,0.38566
174.51,193.12,228.51,257.47,74.494,0.38562
174.51,193.12,228.51,257.47,74.495,0.38562
174.51,193.12,228.51,257.48,74.492,0.38565
174.51,193.12,228.51,257.48,74.494,0.38562
174.51,193.12,228.51,257.48,74.495,0.38562
174.51,193.12,228.51,257.48,74.492,0.38565
174.51,193.12,228.51,257.48,74.494,0.38565
174.51,193.12,228.51,257.48,74.495,0.38562
174.51,193.12,228.52,257.47,74.492,0.38566
174.51,193.12,228.52,257.47,74.494,0.38562
174.51,193.12,228.52,257.47,74.495,0.38562
174.51,193.12,228.52,257.48,74.492,0.38566
174.51,193.12,228.52,257.48,74.494,0.38566
174.51,193.12,228.52,257.48,74.495,0.38565
174.51,193.12,228.52,257.48,74.492,0.38565
174.51,193.12,228.52,257.48,74.494,0.38565
174.51,193.12,228.52,257.48,74.495,0.38565
174.51,193.13,228.5,257.47,74.492,0.38566
174.51,193.13,228.5,257.47,74.494,0.38562
174.51,193.13,228.5,257.47,74.495,0.38562
174.51,193.13,228.5,257.48,74.492,0.38565
174.51,193.13,228.5,257.48,74.494,0.38562
174.51,193.13,228.5,257.48,74.495,0.38562
174.51,193.13,228.5,257.48,74.492,0.38565
174.51,193.13,228.5,257.48,74.494,0.38565
174.51,193.13,228.5,257.48,74.495,0.38562
174.51,193.13,228.51,257.47,74.492,0.38566
174.51,193.13,228.51,257.47,74.494,0.38562
174.51,193.13,228.51,257.47,74.495,0.38562
174.51,193.13,228.51,257.48,74.492,0.38566
174.51,193.13,228.51,257.48,74.494,0.38562
174.51,193.13,228.51,257.48,74.495,0.38562
174.51,193.13,228.51,257.48,74.492,0.38565
174.51,193.13,228.51,257.48,74.494,0.38565
174.51,193.13,228.51,257.48,74.495,0.38565
174.51,193.13,228.52,257.47,74.492,0.38566
174.51,193.13,228.52,257.47,74.494,0.38562
174.51,193.13,228.52,257.47,74.495,0.38562
174.51,193.13,228.52,257.48,74.492,0.38566
174.51,193.13,228.52,257.48,74.494,0.38566
174.51,193.13,228.52,257.48,74.495,0.38566
174.51,193.13,228.52,257.48,74.492,0.38565
174.51,193.13,228.52,257.48,74.494,0.38569
174.51,193.13,228.52,257.48,74.495,0.38565
174.51,193.13,228.5,257.47,74.492,0.38566
174.51,193.13,228.5,257.47,74.494,0.38562
174.51,193.13,228.5,257.47,74.495,0.38562
174.51,193.13,228.5,257.48,74.492,0.38565
174.51,193.13,228.5,257.48,74.494,0.38562
174.51,193.13,228.5,257.48,74.495,0.38562
174.51,193.13,228.5,257.48,74.492,0.38565
174.51,193.13,228.5,257.48,74.494,0.38565
174.51,193.13,228.5,257.48,74.495,0.38562
174.51,193.13,228.51,257.47,74.492,0.38566
174.51,193.13,228.51,257.47,74.494,0.38562
174.51,193.13,228.51,257.47,74.495,0.38562
174.51,193.13,228.51,257.48,74.492,0.38566
174.51,193.13,228.51,257.48,74.494,0.38566
174.51,193.13,228.51,257.48,74.495,0.38565
174.51,193.13,228.51,257.48,74.492,0.38565
174.51,193.13,228.51,257.48,74.494,0.38565
174.51,193.13,228.51,257.48,74.495,0.38565
174.51,193.13,228.52,257.47,74.492,0.38566
174.51,193.13,228.52,257.47,74.494,0.38563
174.51,193.13,228.52,257.47,74.495,0.38566
174.51,193.13,228.52,257.48,74.492,0.38566
174.51,193.13,228.52,257.48,74.494,0.38566
174.51,193.13,228.52,257.48,74.495,0.38566
174.51,193.13,228.52,257.48,74.492,0.38566
174.51,193.13,228.52,257.48,74.494,0.38569
174.51,193.13,228.52,257.48,74.495,0.38565
174.52,193.12,228.5,257.47,74.492,0.38566
174.52,193.12,228.5,257.47,74.494,0.38562
174.52,193.12,228.5,257.47,74.495,0.38562
174.52,193.12,228.5,257.48,74.492,0.38565
174.52,193.12,228.5,257.48,74.494,0.38562
174.52,193.12,228.5,257.48,74.495,0.38562
174.52,193.12,228.5,257.48,74.492,0.38565
174.52,193.12,228.5,257.48,74.494,0.38565
174.52,193.12,228.5,257.48,74.495,0.38562
174.52,193.12,228.51,257.47,74.492,0.38566
174.52,193.12,228.51,257.47,74.494,0.38562
174.52,193.12,228.51,257.47,74.495,0.38562
174.52,193.12,228.51,257.48,74.492,0.38566
174.52,193.12,228.51,257.48,74.494,0.38562
174.52,193.12,228.51,257.48,74.495,0.38562
174.52,193.12,228.51,257.48,74.492,0.38565
174.52,193.12,228.51,257.48,74.494,0.38565
174.52,193.12,228.51,257.48,74.495,0.38565
174.52,193.12,228.52,257.47,74.492,0.38566
174.52,193.12,228.52,257.47,74.494,0.38562
174.52,193.12,228.52,257.47,74.495,0.38562
174.52,193.12,228.52,257.48,74.492,0.38566
174.52,193.12,228.52,257.48,74.494,0.38566
174.52,193.12,228.52,257.48,74.495,0.38566
174.52,193.12,228.52,257.48,74.492,0.38565
174.52,193.12,228.52,257.48,74.494,0.38569
174.52,193.12,228.52,257.48,74.495,0.38565
174.52,193.13,228.5,257.47,74.492,0.38566
174.52,193.13,228.5,257.47,74.494,0.38562
174.52,193.13,228.5,257.47,74.495,0.38562
174.52,193.13,228.5,257.48,74.492,0.38566
174.52,193.13,228.5,257.48,74.494,0.38562
174.52,193.13,228.5,257.48,74.495,0.38562
174.52,193.13,228.5,257.48,74.492,0.38565
174.52,193.13,228.5,257.48,74.494,0.38565
174.52,193.13,228.5,257.48,74.495,0.38565
174.52,193.13,228.51,257.47,74.492,0.38566
174.52,193.13,228.51,257.47,74.494,0.38562
174.52,193.13,228.51,257.47,74.495,0.38562
174.52,193.13,228.51,257.48,74.492,0.38566
174.52,193.13,228.51,257.48,74.494,0.38566
174.52,193.13,228.51,257.48,74.495,0.38565
174.52,193.13,228.51,257.48,74.492,0.38565
174.52,193.13,228.51,257.48,74.494,0.38565
174.52,193.13,228.51,257.48,74.495,0.38565
174.52,193.13,228.52,257.47,74.492,0.38566
174.52,193.13,228.52,257.47,74.494,0.38563
174.52,193.13,228.52,257.47,74.495,0.38566
174.52,193.13,228.52,257.48,74.492,0.38566
174.52,193.13,228.52,257.48,74.494,0.38566
174.52,193.13,228.52,257.48,74.495,0.38566
174.52,193.13,228.52,257.48,74.492,0.38566
174.52,193.13,228.52,257.48,74.494,0.38569
174.52,193.13,228.52,257.48,74.495,0.38565
174.52,193.13,228.5,257.47,74.492,0.38566
174.52,193.13,228.5,257.47,74.494,0.38562
174.52,193.13,228.5,257.47,74.495,0.38562
174.52,193.13,228.5,257.48,74.492,0.38566
174.52,193.13,228.5,257.48,74.494,0.38566
174.52,193.13,228.5,257.48,74.495,0.38562
174.52,193.13,228.5,257.48,74.492,0.38565
174.52,193.13,228.5,257.48,74.494,0.38565
174.52,193.13,228.5,257.48,74.495,0.38565
174.52,193.13,228.51,257.47,74.492,0.38566
174.52,193.13,228.51,257.47,74.494,0.38562
174.52,193.13,228.51,257.47,74.495,0.38562
174.52,193.13,228.51,257.48,74.492,0.38566
174.52,193.13,228.51,257.48,74.494,0.38566
174.52,193.13,228.51,257.48,74.495,0.38566
174.52,193.13,228.51,257.48,74.492,0.38565
174.52,193.13,228.51,257.48,74.494,0.38569
174.52,193.13,228.51,257.48,74.495,0.38565
174.52,193.13,228.52,257.47,74.492,0.38566
174.52,193.13,228.52,257.47,74.494,0.38563
174.52,193.13,228.52,257.47,74.495,0.38566
174.52,193.13,228.52,257.48,74.492,0.38566
174.52,193.13,228.52,257.48,74.494,0.38569
174.52,193.13,228.52,257.48,74.495,0.38566
174.52,193.13,228.52,257.48,74.492,0.38566
174.52,193.13,228.52,257.48,74.494,0.38569
174.52,193.13,228.52,257.48,74.495,0.38565
174.5,193.12,228.5,257.48,74.495,0.38562
174.5,193.12,228.5,257.48,74.495,0.38562
174.5,193.12,228.5,257.48,74.496,0.38562
174.5,193.12,228.5,257.48,74.495,0.38562
174.5,193.12,228.5,257.48,74.495,0.38561
174.5,193.12,228.5,257.48,74.496,0.38561
174.5,193.12,228.5,257.49,74.495,0.38561
174.5,193.12,228.5,257.49,74.495,0.38561
174.5,193.12,228.5,257.49,74.496,0.38561
174.5,193.12,228.5,257.48,74.495,0.38562
174.5,193.12,228.5,257.48,74.495,0.38562
174.5,193.12,228.5,257.48,74.496,0.38562
174.5,193.12,228.5,257.48,74.495,0.38562
174.5,193.12,228.5,257.48,74.495,0.38562
174.5,193.12,228.5,257.48,74.496,0.38561
174.5,193.12,228.5,257.49,74.495,0.38562
174.5,193.12,228.5,257.49,74.495,0.38561
174.5,193.12,228.5,257.49,74.496,0.38561
174.5,193.12,228.51,257.48,74.495,0.38562
174.5,193.12,228.51,257.48,74.495,0.38562
174.5,193.12,228.51,257.48,74.496,0.38562
174.5,193.12,228.51,257.48,74.495,0.38562
174.5,193.12,228.51,257.48,74.495,0.38562
174.5,193.12,228.51,257.48,74.496,0.38562
174.5,193.12,228.51,257.49,74.495,0.38562
174.5,193.12,228.51,257.49,74.495,0.38562
174.5,193.12,228.51,257.49,74.496,0.38561
174.5,193.12,228.5,257.48,74.495,0.38562
174.5,193.12,228.5,257.48,74.495,0.38562
174.5,193.12,228.5,257.48,74.496,0.38562
174.5,193.12,228.5,257.48,74.495,0.38562
174.5,193.12,228.5,257.48,74.495,0.38562
174.5,193.12,228.5,257.48,74.496,0.38561
174.5,193.12,228.5,257.49,74.495,0.38562
174.5,193.12,228.5,257.49,74.495,0.38561
174.5,193.12,228.5,257.49,74.496,0.38561
174.5,193.12,228.5,257.48,74.495,0.38562
174.5,193.12,228.5,257.48,74.495,0.38562
174.5,193.12,228.5,257.48,74.496,0.38562
174.5,193.12,228.5,257.48,74.495,0.38562
174.5,193.12,228.5,257.48,74.495,0.38562
174.5,193.12,228.5,257.48,74.496,0.38562
174.5,193.12,228.5,257.49,74.495,0.38562
174.5,193.12,228.5,257.49,74.495,0.38561
174.5,193.12,228.5,257.49,74.496,0.38561
174.5,193.12,228.51,257.48,74.495,0.38562
174.5,193.12,228.51,257.48,74.495,0.38562
174.5,193.12,228.51,257.48,74.496,0.38562
174.5,193.12,228.51,257.48,74.495,0.38562
174.5,193.12,228.51,257.48,74.495,0.38562
174.5,193.12,228.51,257.48,74.496,0.38562
174.5,193.12,228.51,257.49,74.495,0.38562
174.5,193.12,228.51,257.49,74.495,0.38562
174.5,193.12,228.51,257.49,74.496,0.38561
174.5,193.12,228.5,257.48,74.495,0.38562
174.5,193.12,228.5,257.48,74.495,0.38562
174.5,193.12,228.5,257.48,74.496,0.38562
174.5,193.12,228.5,257.48,74.495,0.38562
174.5,193.12,228.5,257.48,74.495,0.38562
174.5,193.12,228.5,257.48,74.496,0.38561
174.5,193.12,228.5,257.49,74.495,0.38562
174.5,193.12,228.5,257.49,74.495,0.38561
174.5,193.12,228.5,257.49,74.496,0.38561
174.5,193.12,228.5,257.48,74.495,0.38562
174.5,193.12,228.5,257.48,74.495,0.38562
174.5,193.12,228.5,257.48,74.496,0.38562
174.5,193.12,228.5,257.48,74.495,0.38562
174.5,193.12,228.5,257.48,74.495,0.38562
174.5,193.12,228.5,257.48,74.496,0.38562
174.5,193.12,228.5,257.49,74.495,0.38562
174.5,193.12,228.5,257.49,74.495,0.38562
174.5,193.12,228.5,257.49,74.496,0.38561
174.5,193.12,228.51,257.48,74.495,0.38562
174.5,193.12,228.51,257.48,74.495,0.38562
174.5,193.12,228.51,257.48,74.496,0.38562
174.5,193.12,228.51,257.48,74.495,0.38562
174.5,193.12,228.51,257.48,74.495,0.38562
174.5,193.12,228.51,257.48,74.496,0.38562
174.5,193.12,228.51,257.49,74.495,0.38562
174.5,193.12,228.51,257.49,74.495,0.38562
174.5,193.12,228.51,257.49,74.496,0.38562
174.5,193.12,228.5,257.48,74.495,0.38562
174.5,193.12,228.5,257.48,74.495,0.38562
174.5,193.12,228.5,257.48,74.496,0.38562
174.5,193.12,228.5,257.48,74.495,0.38562
174.5,193.12,228.5,257.48,74.495,0.38562
174.5,193.12,228.5,257.48,74.496,0.38561
174.5,193.12,228.5,257.49,74.495,0.38562
174.5,193.12,228.5,257.49,74.495,0.38561
174.5,193.12,228.5,257.49,74.496,0.38561
174.5,193.12,228.5,257.48,74.495,0.38562
174.5,193.12,228.5,257.48,74.495,0.38562
174.5,193.12,228.5,257.48,74.496,0.38562
174.5,193.12,228.5,257.48,74.495,0.38562
174.5,193.12,228.5,257.48,74.495,0.38562
174.5,193.12,228.5,257.48,74.496,0.38562
174.5,193.12,228.5,257.49,74.495,0.38562
174.5,193.12,228.5,257.49,74.495,0.38561
174.5,193.12,228.5,257.49,74.496,0.38561
174.5,193.12,228.51,257.48,74.495,0.38562
174.5,193.12,228.51,257.48,74.495,0.38562
174.5,193.12,228.51,257.48,74.496,0.38562
174.5,193.12,228.51,257.48,74.495,0.38562
174.5,193.12,228.51,257.48,74.495,0.38562
174.5,193.12,228.51,257.48,74.496,0.38562
174.5,193.12,228.51,257.49,74.495,0.38562
174.5,193.12,228.51,257.49,74.495,0.38562
174.5,193.12,228.51,257.49,74.496,0.38561
174.5,193.12,228.5,257.48,74.495,0.38562
174.5,193.12,228.5,257.48,74.495,0.38562
174.5,193.12,228.5,257.48,74.496,0.38562
174.5,193.12,228.5,257.48,74.495,0.38562
174.5,193.12,228.5,257.48,74.495,0.38562
174.5,193.12,228.5,257.48,74.496,0.38561
174.5,193.12,228.5,257.49,74.495,0.38562
174.5,193.12,228.5,257.49,74.495,0.38561
174.5,193.12,228.5,257.49,74.496,0.38561
174.5,193.12,228.5,257.48,74.495,0.38562
174.5,193.12,228.5,257.48,74.495,0.38562
174.5,193.12,228.5,257.48,74.496,0.38562
174.5,193.12,228.5,257.48,74.495,0.38562
174.5,193.12,228.5,257.48,74.495,0.38562
174.5,193.12,228.5,257.48,74.496,0.38562
174.5,193.12,228.5,257.49,74.495,0.38562
174.5,193.12,228.5,257.49,74.495,0.38562
174.5,193.12,228.5,257.49,74.496,0.38561
174.5,193.12,228.51,257.48,74.495,0.38562
174.5,193.12,228.51,257.48,74.495,0.38562
174.5,193.12,228.51,257.48,74.496,0.38562
174.5,193.12,228.51,257.48,74.495,0.38562
174.5,193.12,228.51,257.48,74.495,0.38562
174.5,193.12,228.51,257.48,74.496,0.38562
174.5,193.12,228.51,257.49,74.495,0.38562
174.5,193.12,228.51,257.49,74.495,0.38562
174.5,193.12,228.51,257.49,74.496,0.38562
174.5,193.12,228.5,257.48,74.495,0.38562
174.5,193.12,228.5,257.48,74.495,0.38562
174.5,193.12,228.5,257.48,74.496,0.38562
174.5,193.12,228.5,257.48,74.495,0.38562
174.5,193.12,228.5,257.48,74.495,0.38562
174.5,193.12,228.5,257.48,74.496,0.38562
174.5,193.12,228.5,257.49,74.495,0.38562
174.5,193.12,228.5,257.49,74.495,0.38561
174.5,193.12,228.5,257.49,74.496,0.38561
174.5,193.12,228.5,257.48,74.495,0.38562
174.5,193.12,228.5,257.48,74.495,0.38562
174.5,193.12,228.5,257.48,74.496,0.38562
174.5,193.12,228.5,257.48,74.495,0.38562
174.5,193.12,228.5,257.48,74.495,0.38562
174.5,193.12,228.5,257.48,74.496,0.38562
174.5,193.12,228.5,257.49,74.495,0.38562
174.5,193.12,228.5,257.49,74.495,0.38562
174.5,193.12,228.5,257.49,74.496,0.38561
174.5,193.12,228.51,257.48,74.495,0.38562
174.5,193.12,228.51,257.48,74.495,0.38562
174.5,193.12,228.51,257.48,74.496,0.38562
174.5,193.12,228.51,257.48,74.495,0.38562
174.5,193.12,228.51,257.48,74.495,0.38562
174.5,193.12,228.51,257.48,74.496,0.38562
174.5,193.12,228.51,257.49,74.495,0.38562
174.5,193.12,228.51,257.49,74.495,0.38562
174.5,193.12,228.51,257.49,74.496,0.38562
174.51,193.12,228.5,257.48,74.495,0.38562
174.51,193.12,228.5,257.48,74.495,0.38562
174.51,193.12,228.5,257.48,74.496,0.38562
174.51,193.12,228.5,257.48,74.495,0.38562
174.51,193.12,228.5,257.48,74.495,0.38562
174.51,193.12,228.5,257.48,74.496,0.38562
174.51,193.12,228.5,257.49,74.495,0.38562
174.51,193.12,228.5,257.49,74.495,0.38561
174.51,193.12,228.5,257.49,74.496,0.38561
174.51,193.12,228.5,257.48,74.495,0.38562
174.51,193.12,228.5,257.48,74.495,0.38562
174.51,193.12,228.5,257.48,74.496,0.38562
174.51,193.12,228.5,257.48,74.495,0.38562
174.51,193.12,228.5,257.48,74.495,0.38562
174.51,193.12,228.5,257.48,74.496,0.38562
174.51,193.12,228.5,257.49,74.495,0.38562
174.51,193.12,228.5,257.49,74.495,0.38562
174.51,193.12,228.5,257.49,74.496,0.38561
174.51,193.12,228.51,257.48,74.495,0.38562
174.51,193.12,228.51,257.48,74.495,0.38562
174.51,193.12,228.51,257.48,74.496,0.38562
174.51,193.12,228.51,257.48,74.495,0.38562
174.51,193.12,228.51,257.48,74.495,0.38562
174.51,193.12,228.51,257.48,74.496,0.38562
174.51,193.12,228.51,257.49,74.495,0.38562
174.51,193.12,228.51,257.49,74.495,0.38562
174.51,193.12,228.51,257.49,74.496,0.38562
174.51,193.12,228.5,257.48,74.495,0.38562
174.51,193.12,228.5,257.48,74.495,0.38562
174.51,193.12,228.5,257.48,74.496,0.38562
174.51,193.12,228.5,257.48,74.495,0.38562
174.51,193.12,228.5,257.48,74.495,0.38562
174.51,193.12,228.5,257.48,74.496,0.38562
174.51,193.12,228.5,257.49,74.495,0.38562
174.51,193.12,228.5,257.49,74.495,0.38561
174.51,193.12,228.5,257.49,74.496,0.38561
174.51,193.12,228.5,257.48,74.495,0.38562
174.51,193.12,228.5,257.48,74.495,0.38562
174.51,193.12,228.5,257.48,74.496,0.38562
174.51,193.12,228.5,257.48,74.495,0.38562
174.51,193.12,228.5,257.48,74.495,0.38562
174.51,193.12,228.5,257.48,74.496,0.38562
174.51,193.12,228.5,257.49,74.495,0.38562
174.51,193.12,228.5,257.49,74.495,0.38562
174.51,193.12,228.5,257.49,74.496,0.38561
174.51,193.12,228.51,257.48,74.495,0.38562
174.51,193.12,228.51,257.48,74.495,0.38562
174.51,193.12,228.51,257.48,74.496,0.38562
174.51,193.12,228.51,257.48,74.495,0.38562
174.51,193.12,228.51,257.48,74.495,0.38562
174.51,193.12,228.51,257.48,74.496,0.38562
174.51,193.12,228.51,257.49,74.495,0.38562
174.51,193.12,228.51,257.49,74.495,0.38562
174.51,193.12,228.51,257.49,74.496,0.38562
174.51,193.12,228.5,257.48,74.495,0.38562
174.51,193.12,228.5,257.48,74.495,0.38562
174.51,193.12,228.5,257.48,74.496,0.38562
174.51,193.12,228.5,257.48,74.495,0.38562
174.51,193.12,228.5,257.48,74.495,0.38562
174.51,193.12,228.5,257.48,74.496,0.38562
174.51,193.12,228.5,257.49,74.495,0.38562
174.51,193.12,228.5,257.49,74.495,0.38562
174.51,193.12,228.5,257.49,74.496,0.38561
174.51,193.12,228.5,257.48,74.495,0.38562
174.51,193.12,228.5,257.48,74.495,0.38562
174.51,193.12,228.5,257.48,74.496,0.38562
174.51,193.12,228.5,257.48,74.495,0.38562
174.51,193.12,228.5,257.48,74.495,0.38562
174.51,193.12,228.5,257.48,74.496,0.38562
174.51,193.12,228.5,257.49,74.495,0.38562
174.51,193.12,228.5,257.49,74.495,0.38562
174.51,193.12,228.5,257.49,74.496,0.38562
174.51,193.12,228.51,257.48,74.495,0.38562
174.51,193.12,228.51,257.48,74.495,0.38562
174.51,193.12,228.51,257.48,74.496,0.38562
174.51,193.12,228.51,257.48,74.495,0.38562
174.51,193.12,228.51,257.48,74.495,0.38562
174.51,193.12,228.51,257.48,74.496,0.38562
174.51,193.12,228.51,257.49,74.495,0.38562
174.51,193.12,228.51,257.49,74.495,0.38562
174.51,193.12,228.51,257.49,74.496,0.38562
174.5,193.12,228.5,257.49,74.496,0.38561
174.5,193.12,228.5,257.49,74.496,0.38561
174.5,193.12,228.5,257.49,74.496,0.38561
174.5,193.12,228.5,257.49,74.496,0.38561
174.5,193.12,228.5,257.49,74.496,0.38561
174.5,193.12,228.5,257.49,74.496,0.38561
174.5,193.12,228.5,257.49,74.496,0.38561
174.5,193.12,228.5,257.49,74.496,0.38561
174.5,193.12,228.5,257.49,74.496,0.38561
174.5,193.12,228.5,257.49,74.496,0.38561
174.5,193.12,228.5,257.49,74.496,0.38561
174.5,193.12,228.5,257.49,74.496,0.38561
174.5,193.12,228.5,257.49,74.496,0.38561
174.5,193.12,228.5,257.49,74.496,0.38561
174.5,193.12,228.5,257.49,74.496,0.38561
174.5,193.12,228.5,257.49,74.496,0.38561
174.5,193.12,228.5,257.49,74.496,0.38561
174.5,193.12,228.5,257.49,74.496,0.38561
174.5,193.12,228.5,257.49,74.496,0.38561
174.5,193.12,228.5,257.49,74.496,0.38561
174.5,193.12,228.5,257.49,74.496,0.38561
174.5,193.12,228.5,257.49,74.496,0.38561
174.5,193.12,228.5,257.49,74.496,0.38561
174.5,193.12,228.5,257.49,74.496,0.38561
174.5,193.12,228.5,257.49,74.496,0.38561
174.5,193.12,228.5,257.49,74.496,0.38561
174.5,193.12,228.5,257.49,74.496,0.38561
174.5,193.12,228.5,257.49,74.496,0.38561
174.5,193.12,228.5,257.49,74.496,0.38561
174.5,193.12,228.5,257.49,74.496,0.38561
174.5,193.12,228.5,257.49,74.496,0.38561
174.5,193.12,228.5,257.49,74.496,0.38561
174.5,193.12,228.5,257.49,74.496,0.38561
174.5,193.12,228.5,257.49,74.496,0.38561
174.5,193.12,228.5,257.49,74.496,0.38561
174.5,193.12,228.5,257.49,74.496,0.38561
174.5,193.12,228.5,257.49,74.496,0.38561
174.5,193.12,228.5,257.49,74.496,0.38561
174.5,193.12,228.5,257.49,74.496,0.38561
174.5,193.12,228.5,257.49,74.496,0.38561
174.5,193.12,228.5,257.49,74.496,0.38561
174.5,193.12,228.5,257.49,74.496,0.38561
174.5,193.12,228.5,257.49,74.496,0.38561
174.5,193.12,228.5,257.49,74.496,0.38561
174.5,193.12,228.5,257.49,74.496,0.38561
174.5,193.12,228.5,257.49,74.496,0.38561
174.5,193.12,228.5,257.49,74.496,0.38561
174.5,193.12,228.5,257.49,74.496,0.38561
174.5,193.12,228.5,257.49,74.496,0.38561
174.5,193.12,228.5,257.49,74.496,0.38561
174.5,193.12,228.5,257.49,74.496,0.38561
174.5,193.12,228.5,257.49,74.496,0.38561
174.5,193.12,228.5,257.49,74.496,0.38561
174.5,193.12,228.5,257.49,74.496,0.38561
174.5,193.12,228.5,257.49,74.496,0.38561
174.5,193.12,228.5,257.49,74.496,0.38561
174.5,193.12,228.5,257.49,74.496,0.38561
174.5,193.12,228.5,257.49,74.496,0.38561
174.5,193.12,228.5,257.49,74.496,0.38561
174.5,193.12,228.5,257.49,74.496,0.38561
174.5,193.12,228.5,257.49,74.496,0.38561
174.5,193.12,228.5,257.49,74.496,0.38561
174.5,193.12,228.5,257.49,74.496,0.38561
174.5,193.12,228.5,257.49,74.496,0.38561
174.5,193.12,228.5,257.49,74.496,0.38561
174.5,193.12,228.5,257.49,74.496,0.38561
174.5,193.12,228.5,257.49,74.496,0.38561
174.5,193.12,228.5,257.49,74.496,0.38561
174.5,193.12,228.5,257.49,74.496,0.38561
174.5,193.12,228.5,257.49,74.496,0.38561
174.5,193.12,228.5,257.49,74.496,0.38561
174.5,193.12,228.5,257.49,74.496,0.38561
174.5,193.12,228.5,257.49,74.496,0.38561
174.5,193.12,228.5,257.49,74.496,0.38561
174.5,193.12,228.5,257.49,74.496,0.38561
174.5,193.12,228.5,257.49,74.496,0.38561
174.5,193.12,228.5,257.49,74.496,0.38561
174.5,193.12,228.5,257.49,74.496,0.38561
174.5,193.12,228.5,257.49,74.496,0.38561
174.5,193.12,228.5,257.49,74.496,0.38561
174.5,193.12,228.5,257.49,74.496,0.38561
174.5,193.12,228.5,257.49,74.496,0.38561
174.5,193.12,228.5,257.49,74.496,0.38561
174.5,193.12,228.5,257.49,74.496,0.38561
174.5,193.12,228.5,257.49,74.496,0.38561
174.5,193.12,228.5,257.49,74.496,0.38561
174.5,193.12,228.5,257.49,74.496,0.38561
174.5,193.12,228.5,257.49,74.496,0.38561
174.5,193.12,228.5,257.49,74.496,0.38561
174.5,193.12,228.5,257.49,74.496,0.38561
174.5,193.12,228.5,257.49,74.496,0.38561
174.5,193.12,228.5,257.49,74.496,0.38561
174.5,193.12,228.5,257.49,74.496,0.38561
174.5,193.12,228.5,257.49,74.496,0.38561
174.5,193.12,228.5,257.49,74.496,0.38561
174.5,193.12,228.5,257.49,74.496,0.38561
174.5,193.12,228.5,257.49,74.496,0.38561
174.5,193.12,228.5,257.49,74.496,0.38561
174.5,193.12,228.5,257.49,74.496,0.38561
174.5,193.12,228.5,257.49,74.496,0.38561
174.5,193.12,228.5,257.49,74.496,0.38561
174.5,193.12,228.5,257.49,74.496,0.38561
174.5,193.12,228.5,257.49,74.496,0.38561
174.5,193.12,228.5,257.49,74.496,0.38561
174.5,193.12,228.5,257.49,74.496,0.38561
174.5,193.12,228.5,257.49,74.496,0.38561
174.5,193.12,228.5,257.49,74.496,0.38561
174.5,193.12,228.5,257.49,74.496,0.38561
174.5,193.12,228.5,257.49,74.496,0.38561
174.5,193.12,228.5,257.49,74.496,0.38561
174.5,193.12,228.5,257.49,74.496,0.38561
174.5,193.12,228.5,257.49,74.496,0.38561
174.5,193.12,228.5,257.49,74.496,0.38561
174.5,193.12,228.5,257.49,74.496,0.38561
174.5,193.12,228.5,257.49,74.496,0.38561
174.5,193.12,228.5,257.49,74.496,0.38561
174.5,193.12,228.5,257.49,74.496,0.38561
174.5,193.12,228.5,257.49,74.496,0.38561
174.5,193.12,228.5,257.49,74.496,0.38561
174.5,193.12,228.5,257.49,74.496,0.38561
174.5,193.12,228.5,257.49,74.496,0.38561
174.5,193.12,228.5,257.49,74.496,0.38561
174.5,193.12,228.5,257.49,74.496,0.38561
174.5,193.12,228.5,257.49,74.496,0.38561
174.5,193.12,228.5,257.49,74.496,0.38561
174.5,193.12,228.5,257.49,74.496,0.38561
174.5,193.12,228.5,257.49,74.496,0.38561
174.5,193.12,228.5,257.49,74.496,0.38561
174.5,193.12,228.5,257.49,74.496,0.38561
174.5,193.12,228.5,257.49,74.496,0.38561
174.5,193.12,228.5,257.49,74.496,0.38561
174.5,193.12,228.5,257.49,74.496,0.38561
174.5,193.12,228.5,257.49,74.496,0.38561
174.5,193.12,228.5,257.49,74.496,0.38561
174.5,193.12,228.5,257.49,74.496,0.38561
174.5,193.12,228.5,257.49,74.496,0.38561
174.5,193.12,228.5,257.49,74.496,0.38561
174.5,193.12,228.5,257.49,74.496,0.38561
174.5,193.12,228.5,257.49,74.496,0.38561
174.5,193.12,228.5,257.49,74.496,0.38561
174.5,193.12,228.5,257.49,74.496,0.38561
174.5,193.12,228.5,257.49,74.496,0.38561
174.5,193.12,228.5,257.49,74.496,0.38561
174.5,193.12,228.5,257.49,74.496,0.38561
174.5,193.12,228.5,257.49,74.496,0.38561
174.5,193.12,228.5,257.49,74.496,0.38561
174.5,193.12,228.5,257.49,74.496,0.38561
174.5,193.12,228.5,257.49,74.496,0.38561
174.5,193.12,228.5,257.49,74.496,0.38561
174.5,193.12,228.5,257.49,74.496,0.38561
174.5,193.12,228.5,257.49,74.496,0.38561
174.5,193.12,228.5,257.49,74.496,0.38561
174.5,193.12,228.5,257.49,74.496,0.38561
174.5,193.12,228.5,257.49,74.496,0.38561
174.5,193.12,228.5,257.49,74.496,0.38561
174.5,193.12,228.5,257.49,74.496,0.38561
174.5,193.12,228.5,257.49,74.496,0.38561
174.5,193.12,228.5,257.49,74.496,0.38561
174.5,193.12,228.5,257.49,74.496,0.38561
174.5,193.12,228.5,257.49,74.496,0.38561
174.5,193.12,228.5,257.49,74.496,0.38561
174.5,193.12,228.5,257.49,74.496,0.38561
174.5,193.12,228.5,257.49,74.496,0.38561
174.5,193.12,228.5,257.49,74.496,0.38561
174.5,193.12,228.5,257.49,74.496,0.38561
174.5,193.12,228.5,257.49,74.496,0.38561
174.5,193.12,228.5,257.49,74.496,0.38561
174.5,193.12,228.5,257.49,74.496,0.38561
174.5,193.12,228.5,257.49,74.496,0.38561
174.5,193.12,228.5,257.49,74.496,0.38561
174.5,193.12,228.5,257.49,74.496,0.38561
174.5,193.12,228.5,257.49,74.496,0.38561
174.5,193.12,228.5,257.49,74.496,0.38561
174.5,193.12,228.5,257.49,74.496,0.38561
174.5,193.12,228.5,257.49,74.496,0.38561
174.5,193.12,228.5,257.49,74.496,0.38561
174.5,193.12,228.5,257.49,74.496,0.38561
174.5,193.12,228.5,257.49,74.496,0.38561
174.5,193.12,228.5,257.49,74.496,0.38561
174.5,193.12,228.5,257.49,74.496,0.38561
174.5,193.12,228.5,257.49,74.496,0.38561
174.5,193.12,228.5,257.49,74.496,0.38561
174.5,193.12,228.5,257.49,74.496,0.38561
174.5,193.12,228.5,257.49,74.496,0.38561
174.5,193.12,228.5,257.49,74.496,0.38561
174.5,193.12,228.5,257.49,74.496,0.38561
174.5,193.12,228.5,257.49,74.496,0.38561
174.5,193.12,228.5,257.49,74.496,0.38561
174.5,193.12,228.5,257.49,74.496,0.38561
174.5,193.12,228.5,257.49,74.496,0.38561
174.5,193.12,228.5,257.49,74.496,0.38561
174.5,193.12,228.5,257.49,74.496,0.38561
174.5,193.12,228.5,257.49,74.496,0.38561
174.5,193.12,228.5,257.49,74.496,0.38561
174.5,193.12,228.5,257.49,74.496,0.38561
174.5,193.12,228.5,257.49,74.496,0.38561
174.5,193.12,228.5,257.49,74.496,0.38561
174.5,193.12,228.5,257.49,74.496,0.38561
174.5,193.12,228.5,257.49,74.496,0.38561
174.5,193.12,228.5,257.49,74.496,0.38561
174.5,193.12,228.5,257.49,74.496,0.38561
174.5,193.12,228.5,257.49,74.496,0.38561
174.5,193.12,228.5,257.49,74.496,0.38561
174.5,193.12,228.5,257.49,74.496,0.38561
174.5,193.12,228.5,257.49,74.496,0.38561
174.5,193.12,228.5,257.49,74.496,0.38561
174.5,193.12,228.5,257.49,74.496,0.38561
174.5,193.12,228.5,257.49,74.496,0.38561
174.5,193.12,228.5,257.49,74.496,0.38561
174.5,193.12,228.5,257.49,74.496,0.38561
174.5,193.12,228.5,257.49,74.496,0.38561
174.5,193.12,228.5,257.49,74.496,0.38561
174.5,193.12,228.5,257.49,74.496,0.38561
174.5,193.12,228.5,257.49,74.496,0.38561
174.5,193.12,228.5,257.49,74.496,0.38561
174.5,193.12,228.5,257.49,74.496,0.38561
174.5,193.12,228.5,257.49,74.496,0.38561
174.5,193.12,228.5,257.49,74.496,0.38561
174.5,193.12,228.5,257.49,74.496,0.38561
174.5,193.12,228.5,257.49,74.496,0.38561
174.5,193.12,228.5,257.49,74.496,0.38561
174.5,193.12,228.5,257.49,74.496,0.38561
174.5,193.12,228.5,257.49,74.496,0.38561
174.5,193.12,228.5,257.49,74.496,0.38561
174.5,193.12,228.5,257.49,74.496,0.38561
174.5,193.12,228.5,257.49,74.496,0.38561
174.5,193.12,228.5,257.49,74.496,0.38561
174.5,193.12,228.5,257.49,74.496,0.38561
174.5,193.12,228.5,257.49,74.496,0.38561
174.5,193.12,228.5,257.49,74.496,0.38561
174.5,193.12,228.5,257.49,74.496,0.38561
174.5,193.12,228.5,257.49,74.496,0.38561
174.5,193.12,228.5,257.49,74.496,0.38561
174.5,193.12,228.5,257.49,74.496,0.38561
174.5,193.12,228.5,257.49,74.496,0.38561
174.5,193.12,228.5,257.49,74.496,0.38561
174.5,193.12,228.5,257.49,74.496,0.38561
174.5,193.12,228.5,257.49,74.496,0.38561
174.5,193.12,228.5,257.49,74.496,0.38561
174.5,193.12,228.5,257.49,74.496,0.38561
174.5,193.12,228.5,257.49,74.496,0.38561
174.5,193.12,228.5,257.49,74.496,0.38561
174.5,193.12,228.5,257.49,74.496,0.38561
174.5,193.12,228.5,257.49,74.496,0.38561
174.5,193.12,228.5,257.49,74.496,0.38561
174.5,193.12,228.5,257.49,74.496,0.38561
174.5,193.12,228.5,257.49,74.496,0.38561
174.5,193.12,228.5,257.49,74.496,0.38561
174.5,193.12,228.5,257.49,74.496,0.38561
174.5,193.12,228.5,257.49,74.496,0.38561
174.5,193.12,228.5,257.49,74.496,0.38561
174.5,193.12,228.5,257.49,74.496,0.38561
174.5,193.12,228.5,257.49,74.496,0.38561
174.5,193.12,228.5,257.49,74.496,0.38561
174.5,193.12,228.5,257.49,74.496,0.38561
174.5,193.12,228.5,257.49,74.496,0.38561
174.5,193.12,228.5,257.49,74.496,0.38561
174.5,193.12,228.5,257.49,74.496,0.38561
174.5,193.12,228.5,257.49,74.496,0.38561
174.5,193.12,228.5,257.49,74.496,0.38561
174.5,193.12,228.5,257.49,74.496,0.38561
174.5,193.12,228.5,257.49,74.496,0.38561
174.5,193.12,228.5,257.49,74.496,0.38561
174.5,193.12,228.5,257.49,74.496,0.38561
174.5,193.12,228.5,257.49,74.496,0.38561
174.5,193.12,228.5,257.49,74.496,0.38561
174.5,193.12,228.5,257.49,74.496,0.38561
174.5,193.12,228.5,257.49,74.496,0.38561
174.5,193.12,228.5,257.49,74.496,0.38561
174.5,193.12,228.5,257.49,74.496,0.38561
174.5,193.12,228.5,257.49,74.496,0.38561
174.5,193.12,228.5,257.49,74.496,0.38561
174.5,193.12,228.5,257.49,74.496,0.38561
174.5,193.12,228.5,257.49,74.496,0.38561
174.5,193.12,228.5,257.49,74.496,0.38561
174.5,193.12,228.5,257.49,74.496,0.38561
174.5,193.12,228.5,257.49,74.496,0.38561
174.5,193.12,228.5,257.49,74.496,0.38561
174.5,193.12,228.5,257.49,74.496,0.38561
174.5,193.12,228.5,257.49,74.496,0.38561
174.5,193.12,228.5,257.49,74.496,0.38561
174.5,193.12,228.5,257.49,74.496,0.38561
174.5,193.12,228.5,257.49,74.496,0.38561
174.5,193.12,228.5,257.49,74.496,0.38561
174.5,193.12,228.5,257.49,74.496,0.38561
174.5,193.12,228.5,257.49,74.496,0.38561
174.5,193.12,228.5,257.49,74.496,0.38561
174.5,193.12,228.5,257.49,74.496,0.38561
174.5,193.12,228.5,257.49,74.496,0.38561
174.5,193.12,228.5,257.49,74.496,0.38561
174.5,193.12,228.5,257.49,74.496,0.38561
174.5,193.12,228.5,257.49,74.496,0.38561
174.5,193.12,228.5,257.49,74.496,0.38561
174.5,193.12,228.5,257.49,74.496,0.38561
174.5,193.12,228.5,257.49,74.496,0.38561
174.5,193.12,228.5,257.49,74.496,0.38561
174.5,193.12,228.5,257.49,74.496,0.38561
174.5,193.12,228.5,257.49,74.496,0.38561
174.5,193.12,228.5,257.49,74.496,0.38561
174.5,193.12,228.5,257.49,74.496,0.38561
174.5,193.12,228.5,257.49,74.496,0.38561
174.5,193.12,228.5,257.49,74.496,0.38561
174.5,193.12,228.5,257.49,74.496,0.38561
174.5,193.12,228.5,257.49,74.496,0.38561
174.5,193.12,228.5,257.49,74.496,0.38561
174.5,193.12,228.5,257.49,74.496,0.38561
174.5,193.12,228.5,257.49,74.496,0.38561
174.5,193.12,228.5,257.49,74.496,0.38561
174.5,193.12,228.5,257.49,74.496,0.38561
174.5,193.12,228.5,257.49,74.496,0.38561
174.5,193.12,228.5,257.49,74.496,0.38561
174.5,193.12,228.5,257.49,74.496,0.38561
174.5,193.12,228.5,257.49,74.496,0.38561
174.5,193.12,228.5,257.49,74.496,0.38561
174.5,193.12,228.5,257.49,74.496,0.38561
174.5,193.12,228.5,257.49,74.496,0.38561
174.5,193.12,228.5,257.49,74.496,0.38561
174.5,193.12,228.5,257.49,74.496,0.38561
174.5,193.12,228.5,257.49,74.496,0.38561
174.5,193.12,228.5,257.49,74.496,0.38561
174.5,193.12,228.5,257.49,74.496,0.38561
174.5,193.12,228.5,257.49,74.496,0.38561
174.5,193.12,228.5,257.49,74.496,0.38561
174.5,193.12,228.5,257.49,74.496,0.38561
174.5,193.12,228.5,257.49,74.496,0.38561
174.5,193.12,228.5,257.49,74.496,0.38561
174.5,193.12,228.5,257.49,74.496,0.38561
174.5,193.12,228.5,257.49,74.496,0.38561
174.5,193.12,228.5,257.49,74.496,0.38561
174.5,193.12,228.5,257.49,74.496,0.38561
174.5,193.12,228.5,257.49,74.496,0.38561
174.5,193.12,228.5,257.49,74.496,0.38561
174.5,193.12,228.5,257.49,74.496,0.38561
174.5,193.12,228.5,257.49,74.496,0.38561
174.5,193.12,228.5,257.49,74.496,0.38561
174.5,193.12,228.5,257.49,74.496,0.38561
174.5,193.12,228.5,257.49,74.496,0.38561
174.5,193.12,228.5,257.49,74.496,0.38561
174.5,193.12,228.5,257.49,74.496,0.38561
174.5,193.12,228.5,257.49,74.496,0.38561
174.5,193.12,228.5,257.49,74.496,0.38561
174.5,193.12,228.5,257.49,74.496,0.38561
174.5,193.12,228.5,257.49,74.496,0.38561
174.5,193.12,228.5,257.49,74.496,0.38561
174.5,193.12,228.5,257.49,74.496,0.38561
174.5,193.12,228.5,257.49,74.496,0.38561
174.5,193.12,228.5,257.49,74.496,0.38561
174.5,193.12,228.5,257.49,74.496,0.38561
174.5,193.12,228.5,257.49,74.496,0.38561
174.5,193.12,228.5,257.49,74.496,0.38561
174.5,193.12,228.5,257.49,74.496,0.38561
174.5,193.12,228.5,257.49,74.496,0.38561
174.5,193.12,228.5,257.49,74.496,0.38561
174.5,193.12,228.5,257.49,74.496,0.38561
174.5,193.12,228.5,257.49,74.496,0.38561
174.5,193.12,228.5,257.49,74.496,0.38561
174.5,193.12,228.5,257.49,74.496,0.38561
174.5,193.12,228.5,257.49,74.496,0.38561
174.5,193.12,228.5,257.49,74.496,0.38561
174.5,193.12,228.5,257.49,74.496,0.38561
174.5,193.12,228.5,257.49,74.496,0.38561
174.5,193.12,228.5,257.49,74.496,0.38561
174.5,193.12,228.5,257.49,74.496,0.38561
174.5,193.12,228.5,257.49,74.496,0.38561
174.5,193.12,228.5,257.49,74.496,0.38561
174.5,193.12,228.5,257.49,74.496,0.38561
174.5,193.12,228.5,257.49,74.496,0.38561
174.5,193.12,228.5,257.49,74.496,0.38561
174.5,193.12,228.5,257.49,74.496,0.38561
174.5,193.12,228.5,257.49,74.496,0.38561
174.5,193.12,228.5,257.49,74.496,0.38561
174.5,193.12,228.5,257.49,74.496,0.38561
174.5,193.12,228.5,257.49,74.496,0.38561
174.5,193.12,228.5,257.49,74.496,0.38561
174.5,193.12,228.5,257.49,74.496,0.38561
174.5,193.12,228.5,257.49,74.496,0.38561
174.5,193.12,228.5,257.49,74.496,0.38561
174.5,193.12,228.5,257.49,74.496,0.38561
174.5,193.12,228.5,257.49,74.496,0.38561
174.5,193.12,228.5,257.49,74.496,0.38561
174.5,193.12,228.5,257.49,74.496,0.38561
174.5,193.12,228.5,257.49,74.496,0.38561
174.5,193.12,228.5,257.49,74.496,0.38561
174.5,193.12,228.5,257.49,74.496,0.38561
174.5,193.12,228.5,257.49,74.496,0.38561
174.5,193.12,228.5,257.49,74.496,0.38561
174.5,193.12,228.5,257.49,74.496,0.38561
174.5,193.12,228.5,257.49,74.496,0.38561
174.5,193.12,228.5,257.49,74.496,0.38561
174.5,193.12,228.5,257.49,74.496,0.38561
174.5,193.12,228.5,257.49,74.496,0.38561
174.5,193.12,228.5,257.49,74.496,0.38561
174.5,193.12,228.5,257.49,74.496,0.38561
174.5,193.12,228.5,257.49,74.496,0.38561
174.5,193.12,228.5,257.49,74.496,0.38561
174.5,193.12,228.5,257.49,74.496,0.38561
174.5,193.12,228.5,257.49,74.496,0.38561
174.5,193.12,228.5,257.49,74.496,0.38561
174.5,193.12,228.5,257.49,74.496,0.38561
174.5,193.12,228.5,257.49,74.496,0.38561
174.5,193.12,228.5,257.49,74.496,0.38561
174.5,193.12,228.5,257.49,74.496,0.38561
174.5,193.12,228.5,257.49,74.496,0.38561
174.5,193.12,228.5,257.49,74.496,0.38561
174.5,193.12,228.5,257.49,74.496,0.38561
174.5,193.12,228.5,257.49,74.496,0.38561
174.5,193.12,228.5,257.49,74.496,0.38561
174.5,193.12,228.5,257.49,74.496,0.38561
174.5,193.12,228.5,257.49,74.496,0.38561
174.5,193.12,228.5,257.49,74.496,0.38561
174.5,193.12,228.5,257.49,74.496,0.38561
174.5,193.12,228.5,257.49,74.496,0.38561
174.5,193.12,228.5,257.49,74.496,0.38561
174.5,193.12,228.5,257.49,74.496,0.38561
174.5,193.12,228.5,257.49,74.496,0.38561
174.5,193.12,228.5,257.49,74.496,0.38561
174.5,193.12,228.5,257.49,74.496,0.38561
174.5,193.12,228.5,257.49,74.496,0.38561
174.5,193.12,228.5,257.49,74.496,0.38561
174.5,193.12,228.5,257.49,74.496,0.38561
174.5,193.12,228.5,257.49,74.496,0.38561
174.5,193.12,228.5,257.49,74.496,0.38561
174.5,193.12,228.5,257.49,74.496,0.38561
174.5,193.12,228.5,257.49,74.496,0.38561
174.5,193.12,228.5,257.49,74.496,0.38561
174.5,193.12,228.5,257.49,74.496,0.38561
174.5,193.12,228.5,257.49,74.496,0.38561
174.5,193.12,228.5,257.49,74.496,0.38561
174.5,193.12,228.5,257.49,74.496,0.38561
174.5,193.12,228.5,257.49,74.496,0.38561
174.5,193.12,228.5,257.49,74.496,0.38561
174.5,193.12,228.5,257.49,74.496,0.38561
174.5,193.12,228.5,257.49,74.496,0.38561
174.5,193.12,228.5,257.49,74.496,0.38561
174.5,193.12,228.5,257.49,74.496,0.38561
174.5,193.12,228.5,257.49,74.496,0.38561
174.5,193.12,228.5,257.49,74.496,0.38561
174.5,193.12,228.5,257.49,74.496,0.38561
174.5,193.12,228.5,257.49,74.496,0.38561
174.5,193.12,228.5,257.49,74.496,0.38561
174.5,193.12,228.5,257.49,74.496,0.38561
174.5,193.12,228.5,257.49,74.496,0.38561
174.5,193.12,228.5,257.49,74.496,0.38561
174.5,193.12,228.5,257.49,74.496,0.38561
174.5,193.12,228.5,257.49,74.496,0.38561
174.5,193.12,228.5,257.49,74.496,0.38561
174.5,193.12,228.5,257.49,74.496,0.38561
174.5,193.12,228.5,257.49,74.496,0.38561
174.5,193.12,228.5,257.49,74.496,0.38561
174.5,193.12,228.5,257.49,74.496,0.38561
174.5,193.12,228.5,257.49,74.496,0.38561
174.5,193.12,228.5,257.49,74.496,0.38561
174.5,193.12,228.5,257.49,74.496,0.38561
174.5,193.12,228.5,257.49,74.496,0.38561
174.5,193.12,228.5,257.49,74.496,0.38561
174.5,193.12,228.5,257.49,74.496,0.38561
174.5,193.12,228.5,257.49,74.496,0.38561
174.5,193.12,228.5,257.49,74.496,0.38561
174.5,193.12,228.5,257.49,74.496,0.38561
174.5,193.12,228.5,257.49,74.496,0.38561
174.5,193.12,228.5,257.49,74.496,0.38561
174.5,193.12,228.5,257.49,74.496,0.38561
174.5,193.12,228.5,257.49,74.496,0.38561
174.5,193.12,228.5,257.49,74.496,0.38561
174.5,193.12,228.5,257.49,74.496,0.38561
174.5,193.12,228.5,257.49,74.496,0.38561
174.5,193.12,228.5,257.49,74.496,0.38561
174.5,193.12,228.5,257.49,74.496,0.38561
174.5,193.12,228.5,257.49,74.496,0.38561
174.5,193.12,228.5,257.49,74.496,0.38561
174.5,193.12,228.5,257.49,74.496,0.38561
174.5,193.12,228.5,257.49,74.496,0.38561
174.5,193.12,228.5,257.49,74.496,0.38561
174.5,193.12,228.5,257.49,74.496,0.38561
174.5,193.12,228.5,257.49,74.496,0.38561
174.5,193.12,228.5,257.49,74.496,0.38561
174.5,193.12,228.5,257.49,74.496,0.38561
174.5,193.12,228.5,257.49,74.496,0.38561
174.5,193.12,228.5,257.49,74.496,0.38561
174.5,193.12,228.5,257.49,74.496,0.38561
174.5,193.12,228.5,257.49,74.496,0.38561
174.5,193.12,228.5,257.49,74.496,0.38561
174.5,193.12,228.5,257.49,74.496,0.38561
174.5,193.12,228.5,257.49,74.496,0.38561
174.5,193.12,228.5,257.49,74.496,0.38561
174.5,193.12,228.5,257.49,74.496,0.38561
